0,0.1,0,0.0489592,0.1
0.5,0.0877604,-0.0479167,0.0489655,0.0877583
1,0.0540588,-0.0841037,0.0489759,0.0540302
1.5,0.00714256,-0.099713,0.0489691,0.00707372
2,-0.0415108,-0.090931,0.0489576,-0.0416147
2.5,-0.0800012,-0.0599108,0.0489318,-0.0801144
3,-0.0989166,-0.0142441,0.0488991,-0.0989992
3.5,-0.0936349,0.0348969,0.0488966,-0.0936457
4,-0.065453,0.0754924,0.0489102,-0.0653644
4.5,-0.0212684,0.0976153,0.0489073,-0.0210796
5,0.0281088,0.0958587,0.0488968,0.0283662
5.5,0.0706007,0.0706572,0.0488767,0.070867
6,0.095816,0.0281796,0.0488421,0.096017
6.5,0.0975913,-0.0211813,0.0488292,0.0976588
7,0.0754971,-0.0653513,0.0488427,0.0753902
7.5,0.0349424,-0.0935283,0.0488451,0.0346635
8,-0.01415,-0.098824,0.0488354,-0.01455
8.5,-0.0597713,-0.0799482,0.04882,-0.0602012
9,-0.0907641,-0.0415224,0.0487872,-0.091113
9.5,-0.0995511,0.00705084,0.0487646,-0.0997172
10,-0.0839879,0.0538894,0.0487741,-0.0839072
10.5,-0.0478861,0.0875378,0.048782,-0.0475537
11,-7.98854e-05,0.099769,0.0487739,0.00044257
11.5,0.0477359,0.0875959,0.0487615,0.0483305
12,0.0838662,0.0540011,0.0487332,0.0843854
12.5,0.0994769,0.00720571,0.0487031,0.0997798
13,0.0907541,-0.0413422,0.0487052,0.0907447
13.5,0.0598363,-0.0797685,0.0487174,0.0594921
14,0.0142902,-0.0986767,0.0487124,0.0136737
14.5,-0.0347414,-0.0934465,0.0487015,-0.0354924
15,-0.0752657,-0.0653621,0.0486788,-0.0759688
15.5,-0.0973728,-0.0212972,0.048645,-0.0978453
16,-0.0956597,0.0279672,0.0486372,-0.0957659
16.5,-0.0705504,0.0703811,0.0486511,-0.0702397
17,-0.028191,0.0955721,0.0486507,-0.0275163
17.5,0.0210544,0.0973827,0.0486407,0.021944
18,0.06514,0.0753749,0.0486232,0.0660317
18.5,0.0932843,0.0349364,0.0485894,0.0939525
19,0.098607,-0.0140384,0.0485715,0.0988705
19.5,0.0798112,-0.0595693,0.0485833,0.0795815
20,0.041499,-0.0905212,0.0485884,0.0408082
20.5,-0.00695503,-0.0993267,0.0485794,-0.00795636
21,-0.0536978,-0.0838369,0.0485658,-0.0547729
21.5,-0.0872973,-0.0478454,0.0485353,-0.0881792
22,-0.0995384,-0.000159402,0.0485087,-0.0999961
22.5,-0.0874317,0.0475556,0.0485147,-0.0873305
23,-0.0539434,0.0836293,0.0485249,-0.0532833
23.5,-0.00726853,0.0992413,0.0485182,-0.00619053
24,0.0411742,0.0905774,0.0485068,0.0424179
24.5,0.0795364,0.0597618,0.0484814,0.0806409
25,0.0984373,0.014336,0.0484492,0.0991203
25.5,0.0932583,-0.0345865,0.0484465,0.0933315
26,0.0652712,-0.0750395,0.0484598,0.0646919
26.5,0.0213258,-0.0971308,0.0484569,0.0202135
27,-0.0278262,-0.095461,0.0484466,-0.0292139
27.5,-0.0701621,-0.0704436,0.0484267,-0.0714887
28,-0.0953288,-0.0282022,0.0483927,-0.0962606
28.5,-0.0971745,0.020928,0.0483799,-0.0974645
29,-0.0752528,0.0649293,0.048393,-0.0748058
29.5,-0.0349302,0.0930408,0.0483953,-0.0338319
30,0.0139272,0.0983904,0.0483857,0.0154251
30.5,0.059368,0.0796744,0.0483705,0.0609056
31,0.0902789,0.0414754,0.0483383,0.0914742
31.5,0.0991028,-0.00685961,0.0483159,0.0996468
32,0.0836861,-0.0535068,0.048325,0.0834223
32.5,0.0478046,-0.0870574,0.0483328,0.0467732
33,0.00023855,-0.0993083,0.0483247,-0.00132767
33.5,-0.0473759,-0.0872677,0.0483125,-0.0491035
34,-0.083393,-0.0538855,0.0482847,-0.084857
34.5,-0.0990062,-0.00733101,0.048255,-0.0998346
35,-0.090401,0.0410067,0.0482568,-0.0903692
35.5,-0.0596873,0.0793049,0.0482688,-0.0587783
36,-0.0143815,0.0981984,0.0482638,-0.0127964
36.5,0.0344321,0.0930705,0.0482531,0.0363185
37,0.074814,0.0651803,0.0482307,0.0765414
37.5,0.0968894,0.0213541,0.0481974,0.0980243
38,0.0952627,-0.0276857,0.0481896,0.0955074
38.5,0.0703369,-0.0699438,0.0482031,0.0696069
39,0.0282132,-0.095086,0.0482027,0.0266643
39.5,-0.020802,-0.0969667,0.0481928,-0.0228067
40,-0.0647192,-0.0751308,0.0481755,-0.0666938
40.5,-0.092798,-0.0349238,0.0481423,-0.0942519
41,-0.0981742,0.0138164,0.0481245,-0.0987339
41.5,-0.0795377,0.0591671,0.048136,-0.0790424
42,-0.0414517,0.0900372,0.048141,-0.0399985
42.5,0.00676459,0.0988793,0.0481321,0.00883837
43,0.0533163,0.0835355,0.0481187,0.0555113
43.5,0.086818,0.0477637,0.0480886,0.0885932
44,0.0990786,0.000317331,0.0480624,0.0999843
44.5,0.0871039,-0.0471967,0.0480681,0.0868958
45,0.0538276,-0.0831573,0.0480781,0.0525322
45.5,0.00739317,-0.0987716,0.0480714,0.00530685
46,-0.0408398,-0.0902249,0.0480601,-0.0432178
46.5,-0.0790739,-0.0596127,0.0480352,-0.0811612
47,-0.09796,-0.0144268,0.0480035,-0.0992335
47.5,-0.092883,0.0342782,0.0480006,-0.09301
48,-0.0650895,0.0745891,0.0480136,-0.0640144
48.5,-0.0213822,0.0966484,0.0480107,-0.0193459
49,0.0275456,0.0950647,0.0480005,0.0300593
49.5,0.069726,0.0702303,0.0479809,0.0721048
50,0.0948438,0.028224,0.0479475,0.0964966
50.5,0.0967593,-0.0206765,0.0479346,0.0972627
51,0.0750089,-0.0645096,0.0479474,0.0742154
51.5,0.0349173,-0.0925557,0.0479496,0.0329977
52,-0.013706,-0.0979584,0.0479402,-0.0162991
52.5,-0.0589669,-0.0794012,0.0479252,-0.0616052
53,-0.089796,-0.0414279,0.0478935,-0.0918283
53.5,-0.0986562,0.00666997,0.0478713,-0.0995686
54,-0.0833851,0.0531264,0.0478801,-0.082931
54.5,-0.0477227,0.0865793,0.0478877,-0.045989
55,-0.000395748,0.0988495,0.0478797,0.00221268
55.5,0.0470181,0.0869403,0.0478677,0.0498726
56,0.0829222,0.0537697,0.0478403,0.085322
56.5,0.0985375,0.00745499,0.0478111,0.0998816
57,0.0900491,-0.0406733,0.0478126,0.0899867
57.5,0.0595381,-0.0788436,0.0478243,0.0580599
58,0.0144717,-0.0977222,0.0478194,0.011918
58.5,-0.0341248,-0.0926957,0.0478088,-0.0371418
59,-0.0743648,-0.0649987,0.0477868,-0.077108
59.5,-0.0964081,-0.02141,0.047754,-0.0981955
60,-0.0948671,0.027406,0.0477461,-0.0952413
60.5,-0.0701237,0.0695088,0.0477593,-0.0689687
61,-0.0282346,0.0946021,0.0477588,-0.0258102
61.5,0.0205514,0.0965523,0.047749,0.0236676
62,0.0643006,0.0748871,0.047732,0.0673507
62.5,0.0923139,0.0349105,0.0476993,0.094544
63,0.097743,-0.0135961,0.0476817,0.0985897
63.5,0.0792649,-0.0587672,0.0476928,0.0784971
64,0.0414039,-0.0895555,0.0476977,0.0391857
64.5,-0.00657575,-0.0984336,0.0476888,-0.00971969
65,-0.052937,-0.0832349,0.0476756,-0.0562454
65.5,-0.0863411,-0.0476816,0.0476461,-0.0890002
66,-0.0986208,-0.0004738,0.0476202,-0.0999647
66.5,-0.086777,0.04684,0.0476256,-0.0864544
67,-0.0537117,0.0826876,0.0476353,-0.051777
67.5,-0.00751648,0.0983039,0.0476287,-0.00442276
68,0.0405074,0.0898735,0.0476176,0.0440143
68.5,0.0786139,0.0594636,0.0475931,0.0816751
69,0.0974848,0.0145163,0.0475618,0.099339
69.5,0.0925088,-0.0339719,0.0475588,0.0926813
70,0.0649079,-0.074141,0.0475714,0.0633319
70.5,0.0214376,-0.0961682,0.0475686,0.0184767
71,-0.0272669,-0.0946698,0.0475584,-0.0309023
71.5,-0.0692922,-0.0700172,0.0475393,-0.0727153
72,-0.094361,-0.0282449,0.0475063,-0.0967251
72.5,-0.0963456,0.0204268,0.0474935,-0.0970532
73,-0.0747655,0.0640923,0.0475059,-0.0736193
73.5,-0.0349036,0.0920727,0.0475081,-0.0321608
74,0.0134866,0.0975281,0.0474987,0.0171717
74.5,0.0585681,0.0791287,0.0474839,0.0623
75,0.0893155,0.0413798,0.0474528,0.0921751
75.5,0.0982114,-0.00648192,0.0474308,0.0994825
76,0.0830848,-0.0527482,0.0474393,0.0824331
76.5,0.0476404,-0.0861035,0.0474467,0.0452012
77,0.000551488,-0.0983925,0.0474388,-0.0030975
77.5,-0.0466624,-0.086614,0.0474269,-0.0506379
78,-0.0824537,-0.0536537,0.0474,-0.0857803
78.5,-0.0980707,-0.00757765,0.0473712,-0.0999207
79,-0.0896982,0.0403421,0.0473725,-0.0895971
79.5,-0.059389,0.0783848,0.0473839,-0.057337
80,-0.0145607,0.097248,0.047379,-0.0110387
80.5,0.0338195,0.0923222,0.0473685,0.0379622
81,0.0739179,0.0648172,0.0473469,0.0776686
81.5,0.0959289,0.0214649,0.0473146,0.098359
82,0.0944728,-0.0271283,0.0473067,0.0949678
82.5,0.0699108,-0.0690761,0.0473195,0.0683251
83,0.028255,-0.0941204,0.047319,0.024954
83.5,-0.0203026,-0.0961393,0.0473093,-0.0245267
84,-0.0638844,-0.0746439,0.0472926,-0.0680023
84.5,-0.0918321,-0.0348965,0.0472604,-0.0948287
85,-0.0973135,0.0133776,0.0472429,-0.0984377
85.5,-0.0789927,0.0583696,0.0472537,-0.0779457
86,-0.0413555,0.0890761,0.0472584,-0.0383698
86.5,0.00638849,0.0979897,0.0472497,0.0106002
87,0.05256,0.082935,0.0472367,0.056975
87.5,0.0858665,0.0475991,0.0472076,0.0894003
88,0.0981648,0.000628815,0.047182,0.0999373
88.5,0.0864511,-0.0464854,0.0471872,0.0860062
89,0.0535956,-0.0822203,0.0471967,0.0510177
89.5,0.00763848,-0.0978381,0.0471901,0.00353832
90,-0.0401772,-0.0895232,0.0471791,-0.0448074
90.5,-0.0781562,-0.0593144,0.0471551,-0.0821826
91,-0.0970117,-0.0146047,0.0471242,-0.0994367
91.5,-0.092136,0.0336676,0.047121,-0.0923453
92,-0.0647265,0.0736953,0.0471334,-0.0626444
92.5,-0.0214919,0.0956901,0.0471305,-0.0176061
93,0.0269901,0.0942762,0.0471205,0.0317429
93.5,0.0688607,0.0698044,0.0471016,0.0733201
94,0.0938804,0.0282649,0.0470692,0.0969459
94.5,0.0959334,-0.0201789,0.0470564,0.0968361
95,0.0745225,-0.0636772,0.0470685,0.0730174
95.5,0.0348893,-0.0915921,0.0470706,0.0313214
96,-0.0132689,-0.0970994,0.0470613,-0.018043
96.5,-0.0581716,-0.0788568,0.0470468,-0.06299
97,-0.0888372,-0.0413311,0.0470161,-0.0925148
97.5,-0.0977684,0.00629545,0.0469943,-0.0993887
98,-0.0827854,0.0523723,0.0470026,-0.0819288
98.5,-0.0475578,0.0856301,0.0470098,-0.0444099
99,-0.000705782,0.0979375,0.047002,0.00398209
99.5,0.046309,0.0862885,0.0469902,0.0513991
100,0.0819875,0.0535374,0.0469638,0.0862319
100.5,0.0976059,0.00769899,0.0469353,0.0999521
101,0.0893485,-0.0400128,0.0469365,0.0892005
101.5,0.0592398,-0.0779283,0.0469476,0.0566095
102,0.0146485,-0.0967759,0.0469427,0.0101586
102.5,-0.0335162,-0.09195,0.0469323,-0.0387796
103,-0.0734733,-0.0646358,0.0469111,-0.0782231
103.5,-0.0954518,-0.0215187,0.0468792,-0.0985149
104,-0.09408,0.0268525,0.0468713,-0.0946868
104.5,-0.0696982,0.0686458,0.0468838,-0.0676761
105,-0.0282746,0.0936409,0.0468833,-0.0240959
105.5,0.0200557,0.0957279,0.0468736,0.0253838
106,0.0634706,0.0744012,0.0468572,0.0686487
106.5,0.0913526,0.0348818,0.0468256,0.0951059
107,0.0968856,-0.0131607,0.0468082,0.098278
107.5,0.0787211,-0.0579742,0.0468186,0.0773881
108,0.0413066,-0.0885989,0.0468233,0.037551
108.5,-0.0062028,-0.0975476,0.0468146,-0.01148
109,-0.0521851,-0.082636,0.0468017,-0.0577002
109.5,-0.0853943,-0.0475163,0.0467732,-0.0897934
110,-0.0977106,-0.000782389,0.0467479,-0.0999021
110.5,-0.0861261,0.046133,0.0467528,-0.0855512
111,-0.0534792,0.0817553,0.0467621,-0.0502544
111.5,-0.00775918,0.0973743,0.0467556,-0.00265361
112,0.039849,0.089174,0.0467447,0.0455969
112.5,0.0777009,0.0591652,0.046721,0.0826837
113,0.0965406,0.0146919,0.0466906,0.0995267
113.5,0.0917643,-0.0333653,0.0466873,0.092002
114,0.0645452,-0.073252,0.0466994,0.0619521
114.5,0.0215452,-0.0952141,0.0466965,0.0167341
115,-0.0267153,-0.0938841,0.0466866,-0.032581
115.5,-0.0684315,-0.069592,0.046668,-0.0739191
116,-0.093402,-0.0282841,0.0466361,-0.0971592
116.5,-0.0955227,0.0199329,0.0466234,-0.0966114
117,-0.07428,0.0632645,0.0466351,-0.0724097
117.5,-0.0348742,0.0911137,0.0466372,-0.0304796
118,0.0130529,0.0966723,0.0466279,0.0189129
118.5,0.0577774,0.0785855,0.0466136,0.063675
119,0.0883612,0.041282,0.0465835,0.0928471
119.5,0.0973271,-0.00611055,0.0465619,0.0992871
120,0.0824867,-0.0519986,0.0465699,0.0814181
120.5,0.0474747,-0.085159,0.0465769,0.0436151
121,0.000858638,-0.0974842,0.0465692,-0.00486636
121.5,-0.0459576,-0.085964,0.0465576,-0.0521564
122,-0.0815237,-0.053421,0.0465316,-0.0866767
122.5,-0.0971431,-0.00781904,0.0465035,-0.0999756
123,-0.0889998,0.0396857,0.0465044,-0.0887969
123.5,-0.0590905,0.0774741,0.0465153,-0.0558777
124,-0.0147351,0.0963058,0.0465104,-0.00927762
124.5,0.0332149,0.0915789,0.0465002,0.0395939
125,0.0730312,0.0644546,0.0464793,0.0787715
125.5,0.0949769,0.0215715,0.0464479,0.098663
126,0.0936885,-0.0265785,0.0464399,0.0943984
126.5,0.0694859,-0.0682178,0.0464521,0.0670218
127,0.0282934,-0.0931636,0.0464516,0.0232359
127.5,-0.0198105,-0.095318,0.046442,-0.0262389
128,-0.063059,-0.0741589,0.0464258,-0.0692896
128.5,-0.0908753,-0.0348664,0.0463947,-0.0953757
129,-0.0964594,0.0129455,0.0463774,-0.0981106
129.5,-0.0784501,0.0575811,0.0463876,-0.0768245
130,-0.0412572,0.0881241,0.0463921,-0.0367291
130.5,0.00601868,0.0971071,0.0463835,0.0123588
131,0.0518125,0.0823377,0.0463708,0.0584209
131.5,0.0849244,0.0474331,0.0463428,0.0901795
132,0.0972583,0.000934529,0.0463177,0.099859
132.5,0.0858021,-0.0457828,0.0463224,0.0850896
133,0.0533627,-0.0812927,0.0463315,0.0494872
133.5,0.00787858,-0.0969124,0.046325,0.00176869
134,-0.0395229,-0.0888259,0.0463143,-0.0463829
134.5,-0.0772479,-0.0590159,0.046291,-0.0831783
135,-0.0960715,-0.014778,0.046261,-0.0996088
135.5,-0.0913939,0.033065,0.0462576,-0.0916516
136,-0.064364,0.0728109,0.0462693,-0.0612548
136.5,-0.0215975,0.0947403,0.0462665,-0.0158608
137,0.0264423,0.0934933,0.0462567,0.0334165
137.5,0.0680047,0.0693798,0.0462384,0.0745123
138,0.0929257,0.0283024,0.046207,0.0973649
138.5,0.0951136,-0.0196886,0.0461943,0.0963791
139,0.074038,-0.062854,0.0462057,0.0717964
139.5,0.0348585,-0.0906375,0.0462077,0.0296354
140,-0.0128385,-0.0962468,0.0461986,-0.0197814
140.5,-0.0573854,-0.0783148,0.0461844,-0.064355
141,-0.0878875,-0.0412322,0.0461548,-0.0931722
141.5,-0.0968876,0.0059272,0.0461335,-0.0991777
142,-0.0821888,0.051627,0.0461411,-0.080901
142.5,-0.0473913,0.0846903,0.046148,-0.0428169
143,-0.00101007,0.0970329,0.0461403,0.00575025
143.5,0.0456085,0.0856404,0.0461289,0.0529095
144,0.0810622,0.0533043,0.0461033,0.0871147
144.5,0.0966822,0.00793779,0.0460756,0.0999912
145,0.0886522,-0.0393607,0.0460763,0.0883863
145.5,0.0589413,-0.0770223,0.0460869,0.0551414
146,0.0148206,-0.0958377,0.0460821,0.00839594
146.5,-0.0329156,-0.0912091,0.046072,-0.0404051
147,-0.0725913,-0.0642734,0.0460515,-0.0793136
147.5,-0.0945041,-0.0216233,0.0460205,-0.0988034
148,-0.0932984,0.0263065,0.0460125,-0.0941026
148.5,-0.0692738,0.0677922,0.0460243,-0.0663623
149,-0.0283113,0.0926884,0.0460238,-0.0223741
149.5,0.0195671,0.0949095,0.0460143,0.027092
150,0.0626497,0.0739171,0.0459984,0.0699251
150.5,0.0904002,0.0348503,0.0459678,0.095638
151,0.0960347,-0.012732,0.0459507,0.0979355
151.5,0.0781797,-0.0571903,0.0459605,0.0762549
152,0.0412072,-0.0876515,0.0459649,0.0359044
152.5,-0.0058361,-0.0966685,0.0459564,-0.0132367
153,-0.0514421,-0.0820402,0.0459439,-0.059137
153.5,-0.0844567,-0.0473495,0.0459163,-0.0905585
154,-0.0968079,-0.00108525,0.0458916,-0.0998081
154.5,-0.085479,0.0454347,0.045896,-0.0846212
155,-0.0532459,0.0808324,0.0459048,-0.0487161
155.5,-0.00799669,0.0964525,0.0458984,-0.000883624
156,0.0391989,0.0884789,0.0458878,0.0471652
156.5,0.0767972,0.0588666,0.0458649,0.0836664
157,0.0956045,0.0148629,0.0458354,0.0996831
157.5,0.0910247,-0.0327667,0.0458318,0.0912939
158,0.0641829,-0.0723722,0.0458433,0.0605528
158.5,0.0216489,-0.0942685,0.0458405,0.0149862
159,-0.0261712,-0.0931038,0.0458307,-0.0342495
159.5,-0.0675802,-0.0691679,0.0458128,-0.0750997
160,-0.0924516,-0.0283199,0.0457818,-0.0975629
160.5,-0.0947059,0.0194461,0.0457692,-0.0961393
161,-0.0737964,0.0624459,0.0457803,-0.0711775
161.5,-0.034842,0.0901635,0.0457822,-0.0287889
162,0.0126258,0.095823,0.0457732,0.0206482
162.5,0.0569957,0.0780448,0.0457592,0.0650299
163,0.0874161,0.041182,0.0457301,0.09349
163.5,0.0964498,-0.0057454,0.045709,0.0990605
164,0.0818917,-0.0512577,0.0457163,0.0803775
164.5,0.0473075,-0.0842238,0.045723,0.0420153
165,0.00116007,-0.0965833,0.0457155,-0.00663369
165.5,-0.0452614,-0.0853178,0.0457041,-0.0536586
166,-0.0806031,-0.0531875,0.045679,-0.0875459
166.5,-0.0962233,-0.00805526,0.0456516,-0.099999
167,-0.0883057,0.0390376,0.0456522,-0.0879689
167.5,-0.0587919,0.0765728,0.0456625,-0.0544008
168,-0.0149049,0.0953717,0.0456578,-0.00751361
168.5,0.0326183,0.0908406,0.0456478,0.0412132
169,0.0721537,0.0640925,0.0456276,0.0798496
169.5,0.0940334,0.0216741,0.0455971,0.098936
170,0.0929096,-0.0260363,0.045589,0.0937995
170.5,0.0690621,-0.0673688,0.0456006,0.0656975
171,0.0283283,-0.0922154,0.0456,0.0215105
171.5,-0.0193255,-0.0945026,0.0455906,-0.027943
172,-0.0622426,-0.0736758,0.045575,-0.0705551
172.5,-0.0899274,-0.0348335,0.0455448,-0.0958929
173,-0.0956117,0.0125201,0.0455278,-0.0977527
173.5,-0.07791,0.0568017,0.0455373,-0.0756793
174,-0.0411567,0.0871812,0.0455416,-0.0350769
174.5,0.00565507,0.0962315,0.0455332,0.0141135
175,0.0510739,0.0817435,0.0455208,0.0598484
175.5,0.0839914,0.0472655,0.0454937,0.0909304
176,0.0963592,0.00123455,0.0454693,0.0997494
176.5,0.0851568,-0.0450887,0.0454734,0.0841463
177,0.053129,-0.0803743,0.0454821,0.0479412
177.5,0.00811352,-0.0959945,0.0454758,-1.50722e-06
178,-0.0388769,-0.0881329,0.0454653,-0.0479439
178.5,-0.0763489,-0.0587173,0.0454428,-0.0841479
179,-0.0951395,-0.0149467,0.0454137,-0.0997496
179.5,-0.0906567,0.0324704,0.04541,-0.0909291
180,-0.064002,0.0719358,0.0454212,-0.059846
180.5,-0.0216992,0.0937988,0.0454184,-0.0141105
181,0.025902,0.0927158,0.0454087,0.0350797
181.5,0.067158,0.0689564,0.0453911,0.0756812
182,0.0919797,0.0283365,0.0453606,0.0977533
182.5,0.0942997,-0.0192054,0.045348,0.095892
183,0.0735552,-0.06204,0.0453588,0.070553
183.5,0.0348249,-0.0896918,0.0453606,0.0279401
184,-0.0124148,-0.0954008,0.0453516,-0.0215135
184.5,-0.0566082,-0.0777754,0.0453379,-0.0656998
185,-0.0869469,-0.0411312,0.0453093,-0.0938005
185.5,-0.0960137,0.00556513,0.0452884,-0.0989356
186,-0.0815954,0.0508906,0.0452954,-0.0798478
186.5,-0.0472234,0.0837596,0.045302,-0.0412105
187,-0.00130867,0.0961356,0.0452945,0.00751662
187.5,0.0449165,0.0849961,0.0452833,0.0544034
188,0.0801462,0.0530704,0.0452586,0.0879703
188.5,0.0957662,0.00817146,0.0452316,0.099999
189,0.0879603,-0.0387167,0.045232,0.0875445
189.5,0.0586426,-0.0761256,0.0452421,0.053656
190,0.0149882,-0.0949077,0.0452374,0.00663069
190.5,-0.0323229,-0.0904732,0.0452274,-0.0420181
191,-0.0717185,-0.0639116,0.0452076,-0.0803793
191.5,-0.0935648,-0.021724,0.0451776,-0.0990609
192,-0.0925222,0.0257681,0.0451694,-0.093489
192.5,-0.0688507,0.0669477,0.0451807,-0.0650276
193,-0.0283445,0.0917446,0.0451801,-0.0206453
193.5,0.0190856,0.0940972,0.0451708,0.0287918
194,0.0618379,0.0734349,0.0451554,0.0711796
194.5,0.0894567,0.0348161,0.0451257,0.0961402
195,0.0951903,-0.0123099,0.0451088,0.0975623
195.5,0.0776409,-0.0564153,0.045118,0.0750977
196,0.0411057,-0.0867132,0.0451222,0.0342466
196.5,-0.00547557,-0.0957963,0.0451139,-0.0149892
197,-0.0507078,-0.0814475,0.0451017,-0.0605552
197.5,-0.0835283,-0.0471812,0.0450751,-0.0912951
198,-0.0959125,-0.00138245,0.0450509,-0.0996829
198.5,-0.0848356,0.0447448,0.0450548,-0.0836647
199,-0.0530119,0.0799186,0.0450633,-0.0471626
199.5,-0.00822908,0.0955384,0.045057,0.000886638
200,0.038557,0.087788,0.0450466,0.0487188
200.5,0.0759028,0.0585679,0.0450245,0.0846228
201,0.0946765,0.0150294,0.0449958,0.0998083
201.5,0.09029,-0.032176,0.044992,0.0905572
202,0.0638212,-0.0715017,0.0450029,0.0591345
202.5,0.0217485,-0.0933312,0.0450001,0.0132337
203,-0.0256346,-0.0923291,0.0449906,-0.0359072
203.5,-0.066738,-0.0687451,0.0449732,-0.0762568
204,-0.09151,-0.0283523,0.0449432,-0.0979361
204.5,-0.093895,0.0189664,0.0449307,-0.0956372
205,-0.0733146,0.0616363,0.0449411,-0.0699229
205.5,-0.0348071,0.0892222,0.0449429,-0.0270891
206,0.0122054,0.0949802,0.044934,0.022377
206.5,0.0562229,0.0775066,0.0449205,0.0663645
207,0.08648,0.04108,0.0448923,0.0941037
207.5,0.0955794,-0.00538639,0.0448716,0.0988029
208,0.0812999,-0.0505256,0.0448784,0.0793118
208.5,0.0471389,-0.0832976,0.0448848,0.0404024
209,0.00145588,-0.0956898,0.0448774,-0.00839895
209.5,-0.0445737,-0.0846753,0.0448663,-0.0551439
210,-0.0796916,-0.0529532,0.0448421,-0.0883877
210.5,-0.0953111,-0.00828639,0.0448154,-0.0999912
211,-0.087616,0.0383977,0.0448156,-0.0871133
211.5,-0.0584933,0.0756807,0.0448255,-0.052907
212,-0.0150703,0.0944457,0.0448208,-0.00574724
212.5,0.0320295,0.0901071,0.044811,0.0428196
213,0.0712856,0.0637309,0.0447914,0.0809028
213.5,0.0930982,0.0217728,0.0447619,0.0991781
214,0.0921362,-0.0255016,0.0447537,0.0931711
214.5,0.0686396,-0.0665289,0.0447647,0.0643527
215,0.0283599,-0.0912759,0.044764,0.0197784
215.5,-0.0188476,-0.0936932,0.0447548,-0.0296383
216,-0.0614354,-0.0731944,0.0447397,-0.0717985
216.5,-0.0889883,-0.034798,0.0447105,-0.0963799
217,-0.0947705,0.0121014,0.0446937,-0.0973642
217.5,-0.0773724,0.0560311,0.0447026,-0.0745103
218,-0.0410541,0.0862474,0.0447067,-0.0334137
218.5,0.0052976,0.0953628,0.0446985,0.0158638
219,0.0503439,0.0811524,0.0446864,0.0612572
219.5,0.0830675,0.0470966,0.0446602,0.0916528
220,0.0954675,0.00152895,0.0446364,0.0996085
220.5,0.0845153,-0.044403,0.0446401,0.0831766
221,0.0528945,-0.0794652,0.0446483,0.0463802
221.5,0.00834339,-0.0950843,0.0446421,-0.0017717
222,-0.038239,-0.0874442,0.0446319,-0.0494898
222.5,-0.0754591,-0.0584186,0.0446101,-0.0850911
223,-0.0942155,-0.0151109,0.0445818,-0.0998592
223.5,-0.0899245,0.0318835,0.0445779,-0.0901782
224,-0.0636406,0.0710699,0.0445885,-0.0584184
224.5,-0.0217969,0.0928657,0.0445857,-0.0123558
225,0.0253691,0.0919437,0.0445763,0.0367319
225.5,0.0663204,0.0685341,0.0445592,0.0768264
226,0.0910423,0.0283673,0.0445297,0.0981111
226.5,0.0934918,-0.0187292,0.0445172,0.0953748
227,0.0730744,-0.0612349,0.0445273,0.0692874
227.5,0.0347887,-0.0887549,0.044529,0.026236
228,-0.0119977,-0.0945612,0.0445203,-0.0232388
228.5,-0.0558398,-0.0772384,0.0445069,-0.067024
229,-0.0860153,-0.0410282,0.0444792,-0.0943994
229.5,-0.0951467,0.00520917,0.0444587,-0.0986625
230,-0.0810051,0.0501627,0.0444653,-0.0787696
230.5,-0.0470541,0.082838,0.0444715,-0.0395911
231,-0.00160169,0.0952457,0.0444641,0.00928062
231.5,0.0442329,0.0843555,0.0444532,0.0558802
232,0.0792394,0.0528358,0.0444293,0.0887983
232.5,0.0948579,0.00840007,0.044403,0.0999755
233,0.0872728,-0.0380808,0.0444031,0.0866752
233.5,0.0583439,-0.0752381,0.0444127,0.0521538
234,0.0151512,-0.0939857,0.0444081,0.00486335
234.5,-0.031738,-0.0897422,0.0443983,-0.0436178
235,-0.0708549,-0.0635503,0.0443791,-0.0814198
235.5,-0.0926338,-0.0218207,0.04435,-0.0992874
236,-0.0917515,0.025237,0.0443418,-0.092846
236.5,-0.0684288,0.0661124,0.0443525,-0.0636726
237,-0.0283745,0.0908093,0.0443518,-0.01891
237.5,0.0186112,0.0932908,0.0443427,0.0304825
238,0.0610351,0.0729545,0.0443278,0.0724118
238.5,0.088522,0.0347792,0.0442991,0.0966122
239,0.0943523,-0.0118944,0.0442824,0.0971585
239.5,0.0771046,-0.0556491,0.0442911,0.0739171
240,0.0410021,-0.0857838,0.044295,0.0325781
240.5,-0.00512113,-0.0949311,0.0442869,-0.0167371
241,-0.0499821,-0.080858,0.044275,-0.0619544
241.5,-0.082609,-0.0470116,0.0442492,-0.0920032
242,-0.0950244,-0.00167407,0.0442256,-0.0995264
242.5,-0.084196,0.0440633,0.0442291,-0.082682
243,-0.052777,0.0790141,0.0442372,-0.0455942
243.5,-0.00845644,0.0946321,0.044231,0.00265662
244,0.0379231,0.0871015,0.0442209,0.050257
244.5,0.0750176,0.0582692,0.0441995,0.0855528
245,0.0937564,0.0151913,0.0441716,0.0999022
245.5,0.0895602,-0.031593,0.0441676,0.0897921
246,0.0634601,-0.0706404,0.0441779,0.0576978
246.5,0.0218443,-0.0924023,0.0441752,0.011477
247,-0.0251054,-0.0915597,0.0441658,-0.0375538
247.5,-0.065905,-0.0683235,0.044149,-0.07739
248,-0.0905768,-0.0283815,0.0441199,-0.0982785
248.5,-0.0930901,0.0184937,0.0441075,-0.095105
249,-0.0728347,0.0608358,0.0441174,-0.0686465
249.5,-0.0347695,0.0882897,0.044119,-0.0253809
250,0.0117916,0.0941438,0.0441103,0.0240988
250.5,0.0554589,0.0769709,0.0440972,0.0676783
251,0.0855529,0.0409759,0.0440699,0.0946878
251.5,0.0947158,-0.00503346,0.0440496,0.0985144
252,0.0807111,-0.0498021,0.0440559,0.0782212
252.5,0.0469689,-0.0823806,0.044062,0.0387768
253,0.00174612,-0.0948035,0.0440547,-0.0101616
253.5,-0.0438943,-0.0840366,0.0440439,-0.056612
254,-0.0787893,-0.0527182,0.0440204,-0.0892018
254.5,-0.0944067,-0.0085125,0.0439945,-0.099952
255,-0.0869306,0.0377659,0.0439943,-0.0862304
255.5,-0.0581945,0.0747978,0.0440037,-0.0513966
256,-0.0152311,0.0935277,0.0439991,-0.00397908
256.5,0.0314485,0.0893785,0.0439895,0.0444126
257,0.0704265,0.0633699,0.0439706,0.0819306
257.5,0.0921714,0.0218677,0.0439419,0.099389
258,0.0913682,-0.0249743,0.0439337,0.0925136
258.5,0.0682183,-0.0656981,0.0439441,0.0629876
259,0.0283883,-0.0903449,0.0439434,0.0180401
259.5,-0.0183766,-0.0928898,0.0439344,-0.0313243
260,-0.0606371,-0.072715,0.0439197,-0.0730194
260.5,-0.0880579,-0.0347597,0.0438914,-0.0968368
261,-0.0939357,0.0116891,0.0438749,-0.0969452
261.5,-0.0768373,0.0552693,0.0438833,-0.073318
262,-0.0409496,0.0853225,0.0438871,-0.03174
262.5,0.00494617,0.094501,0.043879,0.017609
263,0.0496225,0.0805644,0.0438673,0.0626468
263.5,0.0821527,0.0469262,0.043842,0.0923464
264,0.0945831,0.00181782,0.0438187,0.0994364
264.5,0.0838775,-0.0437257,0.0438219,0.0821809
265,0.0526594,-0.0785652,0.0438298,0.0448047
265.5,0.00856825,-0.0941817,0.0438237,-0.00354134
266,-0.0376092,-0.0867599,0.0438137,-0.0510203
266.5,-0.0745785,-0.0581198,0.0437927,-0.0860077
267,-0.0932994,-0.0152706,0.0437652,-0.0999374
267.5,-0.0891972,0.0313044,0.043761,-0.089399
268,-0.0632798,0.0702132,0.0437711,-0.0569726
268.5,-0.0218908,0.0919409,0.0437684,-0.0105973
269,0.0248436,0.0911771,0.0437591,0.0383726
269.5,0.0654919,0.0681132,0.0437426,0.0779476
270,0.0901135,0.0283949,0.043714,0.0984382
270.5,0.0926898,-0.0182599,0.0437015,0.0948277
271,0.0725955,-0.0604389,0.0437111,0.0680001
271.5,0.0347498,-0.0878267,0.0437127,0.0245237
272,-0.0115871,-0.093728,0.0437041,-0.0249569
272.5,-0.0550802,-0.076704,0.0436912,-0.0683273
273,-0.0850926,-0.0409231,0.0436643,-0.0949687
273.5,-0.0942866,0.00485925,0.0436443,-0.0983585
274,-0.0804179,0.0494435,0.0436503,-0.0776667
274.5,-0.0468834,0.0819254,0.0436562,-0.0379594
275,-0.00188917,0.0943631,0.043649,0.0110417
275.5,0.0435577,0.0837187,0.0436384,0.0573394
276,0.0783416,0.0526004,0.0436153,0.0895984
276.5,0.0939573,0.00862369,0.0435897,0.0999206
277,0.0865895,-0.037453,0.0435894,0.0857788
277.5,0.0580451,-0.0743597,0.0435985,0.0506353
278,0.0153099,-0.0930717,0.043594,0.00309449
278.5,-0.0311608,-0.0890161,0.0435844,-0.0452039
279,-0.0700004,-0.0631897,0.0435658,-0.0824348
279.5,-0.091711,-0.0219136,0.0435376,-0.0994828
280,-0.0909863,0.0247134,0.0435293,-0.092174
280.5,-0.0680081,0.0652861,0.0435394,-0.0622977
281,-0.0284013,0.0898826,0.0435387,-0.0171688
281.5,0.0181437,0.0924903,0.0435298,0.0321637
282,0.0602412,0.072476,0.0435153,0.0736213
282.5,0.087596,0.0347397,0.0434875,0.0970539
283,0.0935207,-0.0114854,0.0434712,0.0967243
283.5,0.0765707,-0.0548917,0.0434792,0.0727132
284,0.0408965,-0.0848633,0.043483,0.0308994
284.5,-0.0047727,-0.0940727,0.043475,-0.0184797
285,-0.049265,-0.0802716,0.0434634,-0.0633343
285.5,-0.0816987,-0.0468406,0.0434385,-0.0926824
286,-0.0941435,-0.00196019,0.0434155,-0.0993387
286.5,-0.08356,0.0433902,0.0434185,-0.0816734
287,-0.0525415,0.0781186,0.0434262,-0.0440116
287.5,-0.00867882,0.0937333,0.0434202,0.00442577
288,0.0372973,0.0864194,0.0434103,0.0517796
288.5,0.0741416,0.0579704,0.0433896,0.0864559
289,0.0928444,0.0153489,0.0433625,0.0999648
289.5,0.0888353,-0.0310177,0.0433582,0.0889989
290,0.0630996,-0.0697882,0.0433681,0.0562429
290.5,0.0219363,-0.0914816,0.0433653,0.00971669
291,-0.0245836,-0.0907958,0.0433562,-0.0391885
291.5,-0.065081,-0.0679031,0.0433399,-0.078499
292,-0.0896522,-0.0284074,0.0433117,-0.0985902
292.5,-0.0922911,0.0180279,0.0432994,-0.094543
293,-0.0723567,0.0600441,0.0433087,-0.0673485
293.5,-0.0347294,0.0873659,0.0433102,-0.0236647
294,0.0113842,0.0933138,0.0433016,0.0258131
294.5,0.0547037,0.0764377,0.0432889,0.0689709
295,0.0846346,0.0408698,0.0432625,0.0952422
295.5,0.0938591,-0.00468652,0.0432427,0.0981949
296,0.0801255,-0.0490871,0.0432484,0.0771061
296.5,0.0467976,-0.0814725,0.0432542,0.037139
297,0.00203087,-0.0939245,0.0432471,-0.011921
297.5,-0.0432232,-0.0834016,0.0432365,-0.0580623
298,-0.0778961,-0.0524825,0.0432138,-0.089988
298.5,-0.0935098,-0.00873365,0.0431886,-0.0998814
299,-0.0862495,0.0371421,0.0431881,-0.0853204
299.5,-0.0578957,0.073924,0.043197,-0.04987
300,-0.0153876,0.0926176,0.0431925,-0.00220966
300.5,0.0308751,0.0886548,0.0431831,0.0459917
301,0.0695765,0.0630095,0.0431648,0.0829327
301.5,0.0912527,0.0219587,0.043137,0.0995688
302,0.0906056,-0.0244542,0.0431287,0.0918271
302.5,0.0677982,-0.0648764,0.0431385,0.0616029
303,0.0284134,-0.0894224,0.0431378,0.0162961
303.5,-0.0179125,-0.0920922,0.043129,-0.0330005
304,-0.0598476,-0.0722375,0.0431147,-0.0742174
304.5,-0.0871363,-0.0347189,0.0430873,-0.0972634
305,-0.0931073,0.0112833,0.0430711,-0.0964958
305.5,-0.0763048,0.0545162,0.0430789,-0.0721027
306,-0.040843,0.0844064,0.0430826,-0.0300564
306.5,0.00460072,0.093646,0.0430746,0.0193488
307,0.0489097,0.0799796,0.0430632,0.0640167
307.5,0.0812469,0.0467546,0.0430387,0.0930111
308,0.0937058,0.00210121,0.043016,0.0992332
308.5,0.0832435,-0.0430567,0.0430188,0.0811595
309,0.0524235,-0.0776742,0.0430263,0.0432151
309.5,0.00878817,-0.0932868,0.0430203,-0.00530986
310,-0.0369874,-0.0860799,0.0430105,-0.0525348
310.5,-0.0737069,-0.0578209,0.0429902,-0.0868973
311,-0.0923914,-0.015426,0.0429635,-0.0999844
311.5,-0.0884747,0.0307329,0.0429592,-0.0885918
312,-0.0629195,0.0693655,0.0429687,-0.0555088
312.5,-0.0219808,0.0910244,0.042966,-0.00883537
313,0.0243254,0.0904158,0.0429569,0.0400013
313.5,0.0646723,0.0676934,0.0429409,0.0790442
314,0.0891931,0.0284192,0.0429132,0.0987344
314.5,0.0918938,-0.0177975,0.0429009,0.0942509
315,0.0721184,-0.0596516,0.0429099,0.0666916
315.5,0.0347083,-0.0869072,0.0429113,0.0228038
316,-0.0111829,-0.0929012,0.0429029,-0.0266672
316.5,-0.0543293,-0.076172,0.0428903,-0.0696091
317,-0.0841787,-0.0408161,0.0428644,-0.0955083
317.5,-0.0934333,0.00451528,0.0428447,-0.0980237
318,-0.0798339,0.0487328,0.0428503,-0.0765395
318.5,-0.0467115,0.0810218,0.0428559,-0.0363157
319,-0.00217121,0.0934877,0.0428488,0.0127994
319.5,0.0428907,0.0830855,0.0428384,0.0587807
320,0.0774529,0.0523644,0.0428161,0.0903705
320.5,0.0930643,0.00884239,0.0427912,0.0998344
321,0.0859106,-0.0368332,0.0427906,0.0848554
321.5,0.0577462,-0.0734904,0.0427993,0.0491008
322,0.0154642,-0.0921656,0.0427948,0.00132466
322.5,-0.0305912,-0.0882948,0.0427854,-0.0467758
323,-0.0691549,-0.0628296,0.0427675,-0.083424
323.5,-0.0907965,-0.0220028,0.0427401,-0.099647
324,-0.0902264,0.0241969,0.0427318,-0.091473
324.5,-0.0675887,0.0644688,0.0427413,-0.0609032
325,-0.0284248,0.0889643,0.0427406,-0.0154222
325.5,0.017683,0.0916957,0.0427318,0.0338348
326,0.0594562,0.0719994,0.0427178,0.0748078
326.5,0.0866787,0.0346975,0.0426908,0.0974652
327,0.0926955,-0.0110828,0.0426748,0.0962598
327.5,0.0760394,-0.054143,0.0426823,0.0714866
328,0.040789,-0.0839516,0.0426858,0.029211
328.5,-0.0044302,-0.0932211,0.042678,-0.0202165
329,-0.0485564,-0.0796884,0.0426667,-0.0646942
329.5,-0.0807973,-0.0466683,0.0426426,-0.0933326
330,-0.0932699,-0.00224088,0.0426202,-0.0991199
330.5,-0.0829278,0.0427252,0.0426228,-0.0806392
331,-0.0523053,0.0772321,0.0426301,-0.0424152
331.5,-0.0088963,0.0928422,0.0426242,0.00619354
332,0.0366794,0.0857415,0.0426145,0.0532859
332.5,0.0732745,0.0576715,0.0425945,0.0873319
333,0.0919403,0.0155021,0.0425681,0.0999961
333.5,0.0881152,-0.03045,0.0425637,0.0881778
334,0.0627397,-0.068945,0.0425731,0.0547704
334.5,0.0220245,-0.0905691,0.0425703,0.00795335
335,-0.024069,-0.0900372,0.0425614,-0.040811
335.5,-0.0642659,-0.067484,0.0425456,-0.0795833
336,-0.0887361,-0.0284302,0.0425183,-0.0988709
336.5,-0.091498,0.0175689,0.042506,-0.0939515
337,-0.0718805,0.0592613,0.0425148,-0.0660294
337.5,-0.0346866,0.0864507,0.0425162,-0.0219411
338,0.0109832,0.0924902,0.0425078,0.0275192
338.5,0.0539571,0.075907,0.0424954,0.0702419
339,0.0837251,0.0407619,0.0424699,0.0957668
339.5,0.0930092,-0.0043455,0.0424505,0.0978447
340,0.0795431,-0.0483805,0.0424558,0.0759668
340.5,0.046625,-0.0805734,0.0424612,0.0354896
341,0.00231021,-0.0930526,0.0424542,-0.0136767
341.5,-0.0425603,-0.0827704,0.042444,-0.0594945
342,-0.0770119,-0.0522461,0.042422,-0.0907459
342.5,-0.0926206,-0.00894992,0.0423974,-0.0997796
343,-0.0855727,0.0365262,0.0423967,-0.0843838
343.5,-0.0575968,0.0730591,0.0424051,-0.0483278
344,-0.0155397,0.0917155,0.0424007,-0.000439555
344.5,0.0303093,0.087936,0.0423915,0.0475563
345,0.0687355,0.0626498,0.0423738,0.0839088
345.5,0.0903423,0.0220459,0.0423468,0.0997174
346,0.0898484,-0.0239414,0.0423385,0.0911118
346.5,0.0673794,-0.0640635,0.0423478,0.0601988
347,0.0284354,-0.0885083,0.042347,0.014547
347.5,-0.0174552,-0.0913006,0.0423383,-0.0346664
348,-0.059067,-0.0717618,0.0423245,-0.0753922
348.5,-0.0862233,-0.0346755,0.042298,-0.0976594
349,-0.0922853,0.0108839,0.0422821,-0.0960162
349.5,-0.0757747,0.0537718,0.0422893,-0.0708649
350,-0.0407346,0.0834991,0.0422928,-0.0283633
350.5,0.00426116,0.0927978,0.042285,0.0210825
351,0.0482052,0.0793979,0.0422739,0.0653666
351.5,0.0803499,0.0465816,0.0422502,0.0936467
352,0.0928358,0.00237921,0.042228,0.0989988
352.5,0.0826131,-0.0423958,0.0422304,0.0801126
353,0.052187,-0.0767922,0.0422375,0.0416119
353.5,0.00900323,-0.0923994,0.0422317,-0.00707673
354,-0.0363734,-0.0854042,0.0422221,-0.0540328
354.5,-0.0728443,-0.0575221,0.0422024,-0.0877597
355,-0.0914911,-0.0155771,0.0421764,-0.1
355.5,-0.087757,0.030169,0.042172,-0.0877568
356,-0.0625599,0.0685267,0.042181,-0.0540277
356.5,-0.0220672,0.0901159,0.0421783,-0.00707071
357,0.0238143,0.08966,0.0421694,0.0416174
357.5,0.0638616,0.0672749,0.0421539,0.0801162
358,0.0882811,0.0284404,0.042127,0.0989997
358.5,0.0911036,-0.017342,0.0421149,0.0936446
359,0.0716432,-0.0588732,0.0421234,0.0653621
359.5,0.0346643,-0.0859964,0.0421247,0.0210766
360,-0.0107851,-0.0920808,0.0421164,-0.0283691
360.5,-0.053587,-0.0756426,0.0421042,-0.0708691
361,-0.0832736,-0.0407072,0.0420791,-0.0960179
361.5,-0.0925868,0.00417718,0.0420598,-0.0976581
362,-0.079253,0.0480304,0.0420649,-0.0753882
362.5,-0.0465382,0.0801271,0.0420702,-0.0346607
363,-0.00244787,0.0926194,0.0420633,0.014553
363.5,0.0422319,0.0824561,0.0420532,0.0602036
364,0.0765731,0.0521277,0.0420316,0.0911143
364.5,0.0921787,0.00905624,0.0420073,0.099717
365,0.0852359,-0.0362212,0.0420064,0.0839055
365.5,0.0574474,-0.0726301,0.0420147,0.047551
366,0.0156142,-0.0912673,0.0420102,-0.000445584
366.5,-0.0300292,-0.0875784,0.0420011,-0.0483331
367,-0.0683184,-0.0624701,0.0419837,-0.084387
367.5,-0.0898901,-0.0220882,0.0419571,-0.09978
368,-0.0894718,0.0236877,0.0419488,-0.0907434
368.5,-0.0671705,0.0636603,0.0419578,-0.0594896
369,-0.0284452,0.0880544,0.041957,-0.0136707
369.5,0.0172291,0.0909069,0.0419485,0.0354952
370,0.0586799,0.0715247,0.0419348,0.0759708
370.5,0.08577,0.0346529,0.0419088,0.097846
371,0.0918766,-0.0106866,0.0418929,0.0957651
371.5,0.0755107,-0.0534028,0.0418999,0.0702376
372,0.0406796,-0.0830487,0.0419033,0.0275134
372.5,-0.00409357,-0.0923762,0.0418956,-0.0219469
373,-0.0478561,-0.0791083,0.0418847,-0.0660339
373.5,-0.0799048,-0.0464947,0.0418613,-0.0939535
374,-0.0924035,-0.00251621,0.0418394,-0.09887
374.5,-0.0822993,0.0420684,0.0418417,-0.0795797
375,-0.0520685,0.0763545,0.0418486,-0.0408055
375.5,-0.00910895,0.0919585,0.0418428,0.00795936
376,0.0360694,0.0850679,0.0418333,0.0547754
376.5,0.0724164,0.0573727,0.041814,0.0881806
377,0.091044,0.015651,0.0417883,0.0999961
377.5,0.0874,-0.0298899,0.0417838,0.087329
378,0.0623804,-0.0681106,0.0417926,0.0532808
378.5,0.0221089,-0.0896648,0.0417899,0.00618752
379,-0.0235615,-0.089284,0.0417811,-0.0424206
379.5,-0.0634596,-0.0670662,0.0417658,-0.0806427
380,-0.0878283,-0.0284498,0.0417394,-0.0991207
380.5,-0.0907107,0.0171167,0.0417273,-0.0933304
381,-0.0714063,0.0584872,0.0417355,-0.0646896
381.5,-0.0346414,0.0855441,0.0417368,-0.0202106
382,0.0105885,0.0916729,0.0417286,0.0292168
382.5,0.0532191,0.0753789,0.0417165,0.0714908
383,0.0828243,0.040652,0.0416918,0.0962614
383.5,0.0921661,-0.00401031,0.0416728,0.0974639
384,0.0789637,-0.0476824,0.0416776,0.0748038
384.5,0.0464511,-0.079683,0.0416828,0.0338291
385,0.00258421,-0.092188,0.041676,-0.0154281
385.5,-0.0419055,-0.0821428,0.0416659,-0.060908
386,-0.0761365,-0.0520092,0.0416447,-0.0914755
386.5,-0.0917388,-0.00916137,0.0416208,-0.0996465
387,-0.0849002,0.0359181,0.0416197,-0.0834207
387.5,-0.057298,0.0722032,0.0416278,-0.0467705
388,-0.0156876,0.0908211,0.0416234,0.00133069
388.5,0.029751,0.087222,0.0416143,0.0491061
389,0.0679034,0.0622907,0.0415972,0.0848586
389.5,0.0894399,0.0221295,0.041571,0.0998348
390,0.0890966,-0.0234357,0.0415627,0.0903679
390.5,0.0669619,-0.0632594,0.0415715,0.0587758
391,0.0284543,-0.0876026,0.0415707,0.0127934
391.5,-0.0170047,-0.0905148,0.0415622,-0.0363213
392,-0.058295,-0.0712881,0.0415488,-0.0765433
392.5,-0.0853188,-0.0346297,0.0415231,-0.0980249
393,-0.0914695,0.0104908,0.0415074,-0.0955065
393.5,-0.0752472,0.0530359,0.0415142,-0.0696048
394,-0.0406242,0.0826005,0.0415174,-0.0266614
394.5,0.00392742,0.0919563,0.0415098,0.0228096
395,0.0475091,0.0788194,0.041499,0.0666961
395.5,0.0794618,0.0464074,0.0414761,0.094253
396,0.0919729,0.00265188,0.0414544,0.0987334
396.5,0.0819865,-0.041743,0.0414565,0.0790406
397,0.0519498,-0.0759191,0.0414632,0.0399958
397.5,0.00921349,-0.0915195,0.0414575,-0.00884137
398,-0.0357673,-0.0847327,0.0414481,-0.0555138
398.5,-0.0719906,-0.0572233,0.0414291,-0.0885946
399,-0.0905987,-0.0157239,0.0414038,-0.0999843
399.5,-0.0870442,0.0296126,0.0413992,-0.0868943
400,-0.062201,0.0676968,0.0414078,-0.0525296
400.5,-0.0221498,0.0892156,0.0414051,-0.00530384
401,0.0233104,0.0889095,0.0413964,0.0432205
401.5,0.0630597,0.0668577,0.0413813,0.081163
402,0.0873775,0.0284585,0.0413553,0.0992339
402.5,0.0903192,-0.0168931,0.0413432,0.0930089
403,0.0711699,-0.0581034,0.0413512,0.0640121
403.5,0.0346178,-0.085094,0.0413524,0.0193429
404,-0.0103935,-0.0912666,0.0413443,-0.0300621
404.5,-0.0528533,-0.0751157,0.0413324,-0.0721069
405,-0.0823772,-0.0405963,0.0413081,-0.0964974
405.5,-0.091747,0.00384489,0.0412893,-0.097262
406,-0.0786752,0.0473364,0.0412939,-0.0742134
406.5,-0.0463637,0.0792411,0.041299,-0.0329948
407,-0.00271923,0.0917583,0.0412922,0.0163021
407.5,0.0415811,0.0818304,0.0412823,0.0616076
408,0.0757022,0.0518904,0.0412614,0.0918295
408.5,0.0913007,0.00926531,0.0412378,0.0995683
409,0.0845655,-0.035617,0.0412366,0.0829293
409.5,0.0571486,-0.0717786,0.0412444,0.0459863
410,0.0157599,-0.0903769,0.0412401,-0.00221569
410.5,-0.0294746,-0.0868667,0.0412311,-0.0498752
411,-0.0674907,-0.0621114,0.0412143,-0.0853236
411.5,-0.0889918,-0.0221699,0.0411885,-0.0998817
412,-0.0887227,0.0231855,0.0411802,-0.0899854
412.5,-0.0667537,0.0628606,0.0411887,-0.0580574
413,-0.0284626,0.0871529,0.0411879,-0.011915
413.5,0.0167819,0.090124,0.0411794,0.0371446
414,0.0579123,0.0710519,0.0411662,0.0771099
414.5,0.0848698,0.0346058,0.041141,0.0981961
415,0.091064,-0.0102966,0.0411254,0.0952404
415.5,0.0749844,-0.0526712,0.041132,0.0689665
416,0.0405684,-0.0821544,0.0411351,0.0258073
416.5,-0.00376271,-0.0915381,0.0411276,-0.0236705
417,-0.0471642,-0.0785312,0.0411169,-0.0673529
417.5,-0.079021,-0.0463198,0.0410944,-0.094545
418,-0.0915441,-0.00278625,0.041073,-0.0985892
418.5,-0.0816746,0.0414197,0.0410748,-0.0784952
419,-0.051831,0.0754858,0.0410814,-0.0391829
419.5,-0.00931684,0.0910823,0.0410757,0.00972269
420,0.0354671,0.0843986,0.0410664,0.0562479
420.5,0.0715671,0.0570739,0.0410477,0.0890016
421,0.0901555,0.0157957,0.0410228,0.0999647
421.5,0.0866896,-0.0293371,0.0410181,0.0864529
422,0.0620218,-0.0672851,0.0410265,0.0517744
422.5,0.0221898,-0.0887685,0.0410238,0.00441975
423,-0.0230611,-0.0885362,0.0410152,-0.044017
423.5,-0.0626621,-0.0666496,0.0410004,-0.0816769
424,-0.0869288,-0.0284664,0.0409747,-0.0993394
424.5,-0.0899292,0.0166711,0.0409627,-0.0926802
425,-0.070934,0.0577217,0.0409705,-0.0633296
425.5,-0.0345937,0.084646,0.0409716,-0.0184737
426,0.0102,0.0908619,0.0409636,0.0309051
426.5,0.0524896,0.0748532,0.0409519,0.0727174
427,0.0819322,0.0405403,0.040928,0.0967258
427.5,0.0913296,-0.00368089,0.0409094,0.0970524
428,0.0783875,-0.0469925,0.0409137,0.0736172
428.5,0.046276,-0.0788015,0.0409187,0.032158
429,0.00285294,-0.0913304,0.0409119,-0.0171747
429.5,-0.0412587,-0.081519,0.0409022,-0.0623024
430,-0.07527,-0.0517716,0.0408816,-0.0921763
430.5,-0.0908645,-0.00936808,0.0408583,-0.0994822
431,-0.0842319,0.0353178,0.040857,-0.0824314
431.5,-0.0569992,0.0713561,0.0408646,-0.0451985
432,-0.0158312,0.0899345,0.0408603,0.00310052
432.5,0.0292001,0.0865127,0.0408515,0.0506405
433,0.0670801,0.0619322,0.0408349,0.0857819
433.5,0.0885457,0.0222094,0.0408095,0.0999209
434,0.0883501,-0.0229371,0.0408011,0.0895958
434.5,0.0665457,-0.0624641,0.0408094,0.0573345
435,0.0284701,-0.0867052,0.0408086,0.0110357
435.5,-0.0165608,-0.0897348,0.0408002,-0.037965
436,-0.0575317,-0.0708162,0.0407872,-0.0776705
436.5,-0.0844228,-0.0345813,0.0407624,-0.0983596
437,-0.0906601,0.0101039,0.040747,-0.0949668
437.5,-0.0747222,0.0523085,0.0407532,-0.0683229
438,-0.040512,0.0817105,0.0407563,-0.0249511
438.5,0.00359943,0.0911215,0.0407488,0.0245296
439,0.0468213,0.0782439,0.0407383,0.0680046
439.5,0.0785824,0.046232,0.0407161,0.0948296
440,0.0911171,0.00291931,0.040695,0.0984371
440.5,0.0813636,-0.0410983,0.0406967,0.0779438
441,0.0517121,-0.0750547,0.0407031,0.0383671
441.5,0.00941902,-0.090647,0.0406975,-0.0106032
442,-0.0351689,-0.0840655,0.0406883,-0.0569775
442.5,-0.0711457,-0.0569245,0.0406699,-0.0894017
443,-0.0897141,-0.0158665,0.0406454,-0.0999372
443.5,-0.0863362,0.0290635,0.0406406,-0.0860046
444,-0.0618427,0.0668757,0.0406487,-0.0510151
444.5,-0.0222288,0.0883233,0.0406461,-0.00353531
445,0.0228135,0.0881642,0.0406375,0.0448101
445.5,0.0622666,0.0664419,0.0406229,0.0821844
446,0.0864821,0.0284736,0.0405977,0.0994371
446.5,0.0895407,-0.0164508,0.0405857,0.0923441
447,0.0706986,-0.0573422,0.0405932,0.0626421
447.5,0.0345689,-0.0842002,0.0405943,0.0176031
448,-0.0100081,-0.0904587,0.0405864,-0.0317457
448.5,-0.0521279,-0.0745914,0.0405748,-0.0733221
449,-0.0814894,-0.0404837,0.0405513,-0.0969467
449.5,-0.0909139,0.00351832,0.0405329,-0.0968353
450,-0.0781005,0.0466506,0.0405371,-0.0730153
450.5,-0.0461879,0.0783639,0.0405419,-0.0313186
451,-0.00298535,0.0909042,0.0405352,0.018046
451.5,0.0409383,0.0812084,0.0405255,0.0629923
452,0.07484,0.0516526,0.0405054,0.0925159
452.5,0.0904301,0.00946967,0.0404823,0.0993884
453,0.0838994,-0.0350205,0.0404809,0.0819271
453.5,0.0568498,-0.0709359,0.0404884,0.0444072
454,0.0159015,-0.0894942,0.0404841,-0.0039851
454.5,-0.0289274,-0.0861599,0.0404753,-0.0514017
455,-0.0666718,-0.0617533,0.040459,-0.0862334
455.5,-0.0881015,-0.022248,0.040434,-0.0999522
456,-0.0879788,0.0226903,0.0404256,-0.0891991
456.5,-0.0663381,0.0620696,0.0404337,-0.056607
457,-0.0284769,0.0862596,0.0404328,-0.0101556
457.5,0.0163413,0.0893469,0.0404245,0.0387823
458,0.0571532,0.070581,0.0404117,0.078225
458.5,0.083978,0.0345563,0.0403873,0.0985154
459,0.0902577,-0.00991272,0.040372,0.0946858
459.5,0.0744607,-0.0519479,0.040378,0.0676739
460,0.0404553,-0.0812688,0.040381,0.024093
460.5,-0.00343756,-0.0907066,0.0403736,-0.0253867
461,-0.0464804,-0.0779574,0.0403632,-0.0686508
461.5,-0.078146,-0.0461438,0.0403414,-0.0951069
462,-0.0906918,-0.00305107,0.0403205,-0.0982774
462.5,-0.0810535,0.0407789,0.040322,-0.0773862
463,-0.051593,0.0746258,0.0403283,-0.0375482
463.5,-0.00952003,0.0902136,0.0403227,0.011483
464,0.0348725,0.0837335,0.0403136,0.0577027
464.5,0.0707266,0.0567751,0.0402955,0.0897948
465,0.0892747,0.0159363,0.0402713,0.0999019
465.5,0.085984,-0.0287917,0.0402665,0.0855497
466,0.0616638,-0.0664684,0.0402744,0.0502518
466.5,0.022267,-0.0878802,0.0402718,0.0026506
467,-0.0225676,-0.0877936,0.0402633,-0.0455996
467.5,-0.0618732,-0.0662344,0.0402489,-0.0826854
468,-0.0860375,-0.02848,0.0402241,-0.099527
468.5,-0.0891536,0.0162321,0.0402122,-0.0920008
469,-0.0704636,0.0569648,0.0402195,-0.0619497
469.5,-0.0345435,0.0837564,0.0402205,-0.0167311
470,0.00981771,0.0900571,0.0402126,0.0325838
470.5,0.0517684,0.0743301,0.0402012,0.0739211
471,0.0810487,0.0404267,0.0401781,0.0971599
471.5,0.0904998,-0.00335716,0.0401599,0.0966106
472,0.0778144,-0.0463107,0.0401639,0.0724076
472.5,0.0460996,-0.0779286,0.0401685,0.0304768
473,0.00311647,-0.0904798,0.0401619,-0.0189159
473.5,-0.0406199,-0.0808988,0.0401524,-0.0636773
474,-0.0744122,-0.0515334,0.0401325,-0.0928483
474.5,-0.0899975,-0.0095701,0.0401098,-0.0992867
475,-0.0835679,0.0347251,0.0401083,-0.0814163
475.5,-0.0567004,0.0705178,0.0401155,-0.0436124
476,-0.0159708,0.0890557,0.0401113,0.00486937
476.5,0.0286565,0.0858083,0.0401026,0.052159
477,0.0662655,0.0615745,0.0400866,0.0866782
477.5,0.0876594,0.0222858,0.0400619,0.0999756
478,0.0876088,-0.0224454,0.0400535,0.0887955
478.5,0.0661308,-0.0616774,0.0400614,0.0558752
479,0.0284829,-0.085816,0.0400605,0.00927462
479.5,-0.0161234,-0.0889605,0.0400523,-0.0395967
480,-0.0567769,-0.0703463,0.0400396,-0.0787733
480.5,-0.0835353,-0.0345306,0.0400156,-0.0986635
481,-0.0898568,0.00972309,0.0400004,-0.0943974
481.5,-0.0741997,0.0515894,0.0400063,-0.0670196
482,-0.0403981,0.0808291,0.0400091,-0.023233
482.5,0.00327711,0.0902934,0.0400018,0.0262418
483,0.0461416,0.0776716,0.0399916,0.0692918
483.5,0.0777117,0.0460554,0.0399701,0.0953766
484,0.0902683,0.00318155,0.0399495,0.09811
484.5,0.0807443,-0.0404614,0.0399508,0.0768226
485,0.0514738,-0.0741991,0.0399569,0.0367263
485.5,0.00961989,-0.089782,0.0399514,-0.0123618
486,-0.0345781,-0.0834026,0.0399424,-0.0584233
486.5,-0.0703096,-0.0566258,0.0399246,-0.0901808
487,-0.0888372,-0.016005,0.0399008,-0.0998588
487.5,-0.0856329,0.0285218,0.0398958,-0.085088
488,-0.0614851,0.0660633,0.0399036,-0.0494846
488.5,-0.0223043,0.087439,0.0399009,-0.00176567
489,0.0223235,0.0874243,0.0398925,0.0463856
489.5,0.061482,0.0660273,0.0398784,0.08318
490,0.085595,0.0284857,0.0398539,0.099609
490.5,0.0887679,-0.0160151,0.0398421,0.0916503
491,0.0702292,-0.0565895,0.0398492,0.0612524
491.5,0.0345176,-0.0833147,0.0398501,0.0158578
492,-0.00962884,-0.089657,0.0398423,-0.0334194
492.5,-0.0514109,-0.0740695,0.0398311,-0.0745143
493,-0.0806101,-0.0403693,0.0398083,-0.0973656
493.5,-0.0900874,0.00319741,0.0397903,-0.0963783
494,-0.077529,0.0459729,0.0397941,-0.0717943
494.5,-0.0460111,0.0774953,0.0397986,-0.0296325
495,-0.00324631,0.0900572,0.0397921,0.0197843
495.5,0.0403034,0.0805901,0.0397827,0.0643573
496,0.0739865,0.0514141,0.0397631,0.0931733
496.5,0.0895668,0.00966938,0.0397407,0.0991773
497,0.0832375,-0.0344316,0.0397391,0.0808992
497.5,0.0565511,-0.0701019,0.0397461,0.0428142
498,0.016039,-0.0886191,0.0397419,-0.00575326
498.5,-0.0283874,-0.0854579,0.0397333,-0.0529121
499,-0.0658615,-0.0613959,0.0397175,-0.0871162
499.5,-0.0872192,-0.0223226,0.0396933,-0.0999912
500,-0.0872402,0.0222021,0.0396849,-0.0883849
500.5,-0.0659238,0.0612872,0.0396925,-0.0551389
501,-0.0284882,0.0853744,0.0396916,-0.00839294
501.5,0.0159072,0.0885756,0.0396835,0.0404079
502,0.0564027,0.0701121,0.039671,0.0793155
502.5,0.0830946,0.0345044,0.0396473,0.0988039
503,0.0894575,-0.00953497,0.0396323,0.0941016
503.5,0.0739395,-0.051233,0.0396379,0.06636
504,0.0403404,-0.0803916,0.0396407,0.0223712
504.5,-0.00311805,-0.0898818,0.0396335,-0.0270949
505,-0.0458048,-0.0773866,0.0396233,-0.0699272
505.5,-0.0772795,-0.0459667,0.0396022,-0.0956389
506,-0.0898465,-0.00331076,0.0395819,-0.0979349
506.5,-0.0804361,0.0401459,0.0395831,-0.0762529
507,-0.0513545,0.0737745,0.039589,-0.0359016
507.5,-0.00971859,0.0893522,0.0395835,0.0132397
508,0.0342855,0.0830727,0.0395746,0.0591394
508.5,0.0698948,0.0564765,0.0395571,0.0905598
509,0.0884016,0.0160727,0.0395336,0.0998079
509.5,0.0852831,-0.0282536,0.0395286,0.0846196
510,0.0613066,-0.0656603,0.0395361,0.0487135
510.5,0.0223407,-0.0869998,0.0395335,0.000880609
511,-0.0220811,-0.0870563,0.0395252,-0.0471679
511.5,-0.061093,-0.0658205,0.0395113,-0.083668
512,-0.0851544,-0.0284906,0.0394872,-0.0996833
512.5,-0.0883836,0.0157997,0.0394754,-0.0912927
513,-0.0699952,0.0562164,0.0394822,-0.0605504
513.5,-0.034491,0.0828751,0.0394832,-0.0149833
514,0.00944148,0.0892585,0.0394754,0.0342523
514.5,0.0510556,0.0738096,0.0394644,0.0751017
515,0.0801736,0.0403114,0.039442,0.0975636
515.5,0.0896766,-0.00303904,0.0394242,0.0961385
516,0.0772444,-0.0456371,0.0394277,0.0711754
516.5,0.0459222,-0.0770643,0.0394322,0.028786
517,0.00337488,-0.0896363,0.0394257,-0.0206512
517.5,-0.0399889,-0.0802823,0.0394163,-0.0650322
518,-0.0735631,-0.0512947,0.0393971,-0.0934911
518.5,-0.089138,-0.00976752,0.039375,-0.0990601
519,-0.0829081,0.0341399,0.0393732,-0.0803758
519.5,-0.0564018,0.0696882,0.0393801,-0.0420126
520,-0.0161062,0.0881845,0.0393759,0.0066367
520.5,0.0281202,0.0851086,0.0393674,0.0536611
521,0.0654596,0.0612174,0.0393519,0.0875474
521.5,0.086781,0.0223586,0.039328,0.099999
522,0.0868728,-0.0219605,0.0393196,0.0879674
522.5,0.0657172,-0.0608992,0.039327,0.0543983
523,0.0284928,-0.0849349,0.0393261,0.0075106
523.5,-0.0156926,-0.0881921,0.039318,-0.041216
524,-0.0560306,-0.0698784,0.0393058,-0.0798514
524.5,-0.082656,-0.0344776,0.0392825,-0.0989365
525,-0.0890598,0.00934836,0.0392676,-0.0937984
525.5,-0.0736798,0.0508786,0.039273,-0.0656953
526,-0.0402824,0.0799562,0.0392757,-0.0215076
526.5,0.00296038,0.0894719,0.0392685,0.0279459
527,0.04547,0.0771024,0.0392585,0.0705572
527.5,0.0768495,0.0458777,0.0392377,0.0958937
528,0.0894265,0.00343869,0.0392176,0.0977521
528.5,0.0801288,-0.0398324,0.0392187,0.0756773
529,0.051235,-0.0733521,0.0392244,0.0350741
529.5,0.00981616,-0.0889242,0.039219,-0.0141165
530,-0.0339948,-0.0827438,0.0392102,-0.0598508
530.5,-0.0694821,-0.0563272,0.039193,-0.0909316
531,-0.0879679,-0.0161394,0.0391698,-0.0997492
531.5,-0.0849345,0.0279872,0.0391648,-0.0841447
532,-0.0611283,0.0652595,0.0391721,-0.0479386
532.5,-0.0223763,0.0865626,0.0391694,4.52165e-06
533,0.0218404,0.0866897,0.0391612,0.0479465
533.5,0.060706,0.065614,0.0391475,0.0841495
534,0.0847159,0.0284948,0.0391238,0.0997498
534.5,0.0880008,-0.0155859,0.0391121,0.0909279
535,0.0697617,-0.0558453,0.0391187,0.0598436
535.5,0.0344639,-0.0824375,0.0391196,0.0141075
536,-0.00925562,-0.0888615,0.0391119,-0.0350826
536.5,-0.0507022,-0.0735502,0.039101,-0.0756832
537,-0.0797393,-0.0402532,0.039079,-0.097754
537.5,-0.0892675,0.00288207,0.0390614,-0.0958911
538,-0.0769605,0.0453033,0.0390647,-0.0705508
538.5,-0.045833,0.0766353,0.039069,-0.0279372
539,-0.00350218,0.0892171,0.0390626,0.0215164
539.5,0.0396764,0.0799755,0.0390534,0.0657021
540,0.0731417,0.0511752,0.0390345,0.0938016
540.5,0.0887109,0.00986452,0.0390127,0.0989352
541,0.0825798,-0.0338502,0.0390108,0.079846
541.5,0.0562525,-0.0692766,0.0390175,0.0412077
542,0.0161724,-0.0877517,0.0390134,-0.00751962
542.5,-0.0278547,-0.0847606,0.0390049,-0.0544059
543,-0.0650599,-0.0610392,0.0389897,-0.0879717
543.5,-0.0863447,-0.0223937,0.0389661,-0.099999
544,-0.0865068,0.0217207,0.0389577,-0.087543
544.5,-0.0655109,0.0605134,0.0389649,-0.0536535
545,-0.0284967,0.0844974,0.0389639,-0.00662768
545.5,0.0154795,0.08781,0.038956,0.0420208
546,0.0556605,0.0696451,0.0389439,0.0803811
546.5,0.0822195,0.0344502,0.038921,0.0990614
547,0.0886636,-0.00916324,0.0389062,0.0934879
547.5,0.0734208,-0.0505263,0.0389114,0.0650253
548,0.0402239,-0.0795229,0.038914,0.0206423
548.5,-0.0028041,-0.0890636,0.0389069,-0.0287947
549,-0.0451372,-0.0768189,0.038897,-0.0711817
549.5,-0.0764216,-0.0457884,0.0388766,-0.096141
550,-0.0890082,-0.00356536,0.0388567,-0.0975616
550.5,-0.0798224,0.0395208,0.0388576,-0.0750957
551,-0.0511154,0.0729318,0.0388632,-0.0342438
551.5,-0.00991259,0.0884981,0.0388578,0.0149922
552,0.033706,0.0824161,0.0388491,0.0605576
552.5,0.0690716,0.0561779,0.0388322,0.0912964
553,0.0875361,0.0162052,0.0388094,0.0996826
553.5,0.084587,-0.0277226,0.0388043,0.0836631
554,0.0609501,-0.0648608,0.0388114,0.0471599
554.5,0.022411,-0.0861274,0.0388087,-0.000889652
555,-0.0216014,-0.0863243,0.0388006,-0.0487214
555.5,-0.0603212,-0.0654079,0.0387871,-0.0846244
556,-0.0842794,-0.0284983,0.0387638,-0.0998085
556.5,-0.0876194,0.0153736,0.0387522,-0.0905559
557,-0.0695287,0.0554763,0.0387585,-0.0591321
557.5,-0.0344362,0.082002,0.0387593,-0.0132307
558,0.00907124,0.088466,0.0387518,0.0359101
558.5,0.0503509,0.0732915,0.038741,0.0762588
559,0.079307,0.0401945,0.0387193,0.0979367
559.5,0.08886,-0.00272647,0.0387019,0.0956363
560,0.0766775,-0.0449715,0.0387051,0.0699208
560.5,0.0457436,-0.0762085,0.0387093,0.0270862
561,0.00362823,-0.0887997,0.0387029,-0.02238
561.5,-0.0393657,-0.0796695,0.0386938,-0.0663668
562,-0.0727225,-0.0510556,0.0386752,-0.0941047
562.5,-0.0882857,-0.00996039,0.0386537,-0.0988025
563,-0.0822526,0.0335623,0.0386517,-0.07931
563.5,-0.0561033,0.0688671,0.0386582,-0.0403996
564,-0.0162377,0.0873209,0.0386541,0.00840195
564.5,0.027591,0.0844137,0.0386458,0.0551464
565,0.0646622,0.0608611,0.0386307,0.0883892
565.5,0.0859105,0.022428,0.0386075,0.0999911
566,0.0861421,-0.0214825,0.0385991,0.0871118
566.5,0.065305,-0.0601296,0.0386061,0.0529044
567,0.0284998,-0.0840619,0.0386051,0.00574423
567.5,-0.0152681,-0.0874293,0.0385973,-0.0428224
568,-0.0552926,-0.0694123,0.0385853,-0.0809045
568.5,-0.0817851,-0.0344222,0.0385628,-0.0991785
569,-0.0882689,0.00897961,0.0385482,-0.09317
569.5,-0.0731624,0.050176,0.0385531,-0.0643504
570,-0.0401649,0.0790917,0.0385557,-0.0197754
570.5,0.00264919,0.0886569,0.0385486,0.0296412
571,0.0448064,0.0765363,0.0385389,0.0718006
571.5,0.0759959,0.0456988,0.0385188,0.0963807
572,0.0885917,0.00369079,0.0384992,0.0973635
572.5,0.0795169,-0.0392111,0.0384999,0.0745083
573,0.0509957,-0.0725137,0.0385053,0.0334109
573.5,0.0100079,-0.0880738,0.0385,-0.0158667
574,-0.033419,-0.0820894,0.0384914,-0.0612596
574.5,-0.0686632,-0.0560287,0.0384748,-0.091654
575,-0.0871062,-0.0162699,0.0384522,-0.0996083
575.5,-0.0842407,0.0274598,0.0384471,-0.083175
576,-0.0607722,0.0644642,0.038454,-0.0463775
576.5,-0.0224448,0.0856941,0.0384514,0.00177471
577,0.0213641,0.0859603,0.0384433,0.0494925
577.5,0.0599385,0.0652021,0.03843,0.0850927
578,0.083845,0.0285011,0.0384071,0.0998593
578.5,0.0872395,-0.015163,0.0383955,0.0901769
579,0.0692961,-0.0551094,0.0384017,0.058416
579.5,0.034408,-0.0815686,0.0384024,0.0123528
580,-0.00888835,-0.0880721,0.0383949,-0.0367347
580.5,-0.0500017,-0.0730334,0.0383843,-0.0768284
581,-0.0788769,-0.0401353,0.038363,-0.0981117
581.5,-0.0884542,0.00257224,0.0383457,-0.0953739
582,-0.0763952,0.0446417,0.0383487,-0.0692852
582.5,-0.0456539,0.0757838,0.0383528,-0.0262331
583,-0.00375303,0.088384,0.0383465,0.0232418
583.5,0.039057,0.0793645,0.0383375,0.0670263
584,0.0723054,0.0509358,0.0383192,0.0944004
584.5,0.0878623,0.0100551,0.038298,0.098662
585,0.0819264,-0.0332762,0.0382959,0.0787677
585.5,0.0559541,-0.0684598,0.0383022,0.0395884
586,0.0163019,-0.0868919,0.0382981,-0.00928362
586.5,-0.0273291,-0.084068,0.0382899,-0.0558827
587,-0.0642667,-0.0606832,0.0382751,-0.0887997
587.5,-0.0854781,-0.0224614,0.0382522,-0.0999754
588,-0.0857787,0.0212461,0.0382439,-0.0866737
588.5,-0.0650994,0.0597479,0.0382506,-0.0521512
589,-0.0285023,0.0836285,0.0382496,-0.00486034
589.5,0.0150583,0.08705,0.0382418,0.0436205
590,0.0549267,0.06918,0.0382301,0.0814216
590.5,0.0813527,0.0343937,0.0382079,0.0992878
591,0.0878757,-0.00879746,0.0381934,0.0928449
591.5,0.0729047,-0.0498278,0.0381982,0.0636703
592,0.0401056,-0.0786626,0.0382006,0.018907
592.5,-0.00249564,-0.0882519,0.0381936,-0.0304854
593,-0.0444775,-0.0762544,0.038184,-0.0724139
593.5,-0.0755722,-0.045609,0.0381643,-0.0966129
594,-0.0881768,-0.00381497,0.0381449,-0.0971578
594.5,-0.0792123,0.0389034,0.0381455,-0.073915
595,-0.0508759,0.0720977,0.0381508,-0.0325753
595.5,-0.0101021,0.0876512,0.0381455,0.01674
596,0.0331339,0.0817637,0.038137,0.0619568
596.5,0.0682569,0.0558795,0.0381206,0.0920044
597,0.0866781,0.0163336,0.0380984,0.0995261
597.5,0.0838956,-0.0271988,0.0380932,0.0826803
598,0.0605944,-0.0640698,0.0380999,0.0455915
598.5,0.0224778,-0.0852627,0.0380973,-0.00265964
599,-0.0211284,-0.0855975,0.0380893,-0.0502596
599.5,-0.0595579,-0.0649967,0.0380762,-0.0855543
600,-0.0834125,-0.0285032,0.0380536,-0.0999023
600.5,-0.0868609,0.0149539,0.0380421,-0.0897908
601,-0.0690641,0.0547445,0.0380481,-0.0576953
601.5,-0.0343792,0.0811372,0.0380488,-0.011474
602,0.00870693,0.0876797,0.0380414,0.0375565
602.5,0.0496544,0.072776,0.0380309,0.0773919
603,0.0784488,0.0400758,0.0380099,0.0982791
603.5,0.08805,-0.00241937,0.0379928,0.0951041
604,0.0761137,-0.0443139,0.0379957,0.0686443
604.5,0.045564,-0.0753612,0.0379996,0.025378
605,0.00387659,-0.08797,0.0379934,-0.0241018
605.5,-0.0387502,-0.0790604,0.0379845,-0.0676805
606,-0.0718904,-0.0508159,0.0379665,-0.0946887
606.5,-0.0874407,-0.0101488,0.0379456,-0.0985138
607,-0.0816012,0.032992,0.0379434,-0.0782193
607.5,-0.0558049,0.0680546,0.0379495,-0.038774
608,-0.0163651,0.0864648,0.0379455,0.0101646
608.5,0.0270689,0.0837235,0.0379373,0.0566145
609,0.0638733,0.0605056,0.0379228,0.0892032
609.5,0.0850477,0.022494,0.0379002,0.0999519
610,0.0854166,-0.0210112,0.0378919,0.0862288
610.5,0.0648941,-0.0593683,0.0378984,0.051394
611,0.028504,-0.083197,0.0378974,0.00397606
611.5,-0.01485,-0.0866722,0.0378897,-0.0444153
612,-0.0545629,-0.0689482,0.0378781,-0.0819323
612.5,-0.0809223,-0.0343646,0.0378563,-0.0993894
613,-0.0874841,0.00861677,0.0378419,-0.0925125
613.5,-0.0726475,0.0494816,0.0378465,-0.0629853
614,-0.0400459,0.0782355,0.0378488,-0.0180371
614.5,0.00234344,0.0878485,0.0378419,0.0313272
615,0.0441507,0.0759733,0.0378324,0.0730215
615.5,0.0751507,0.0455189,0.037813,0.0968376
616,0.0877637,0.00393791,0.0377938,0.0969445
616.5,0.0789087,-0.0385975,0.0377943,0.073316
617,0.050756,-0.0716838,0.0377995,0.0317372
617.5,0.0101952,-0.0872305,0.0377942,-0.017612
618,-0.0328506,-0.0814391,0.0377858,-0.0626491
618.5,-0.0678527,-0.0557303,0.0377697,-0.0923476
619,-0.086252,-0.0163964,0.0377478,-0.0994361
619.5,-0.0835517,0.0269395,0.0377426,-0.0821792
620,-0.0604168,0.0636774,0.0377491,-0.044802
620.5,-0.0225099,0.0848333,0.0377465,0.00354435
621,0.0208945,0.0852361,0.0377386,0.0510229
621.5,0.0591793,0.0647916,0.0377257,0.0860092
622,0.082982,0.0285046,0.0377034,0.0999375
622.5,0.0864838,-0.0147465,0.037692,0.0893976
623,0.0688325,-0.0543817,0.0376977,0.0569701
623.5,0.0343498,-0.0807079,0.0376984,0.0105943
624,-0.00852698,-0.0872889,0.0376911,-0.0383754
624.5,-0.0493092,-0.0725192,0.0376807,-0.0779494
625,-0.0780228,-0.0400158,0.0376601,-0.0984387
625.5,-0.0876474,0.00226785,0.0376432,-0.0948268
626,-0.075833,0.043988,0.0376459,-0.0679979
626.5,-0.0454738,0.0749407,0.0376497,-0.0245208
627,-0.00399892,0.0875578,0.0376435,0.0249598
627.5,0.0384453,0.0787572,0.0376347,0.0683295
628,0.0714776,0.050696,0.0376171,0.0949697
628.5,0.0870208,0.0102413,0.0375964,0.098358
629,0.0812771,-0.0327097,0.0375941,0.0776648
629.5,0.0556558,-0.0676514,0.0376001,0.0379566
630,0.0164274,-0.0860396,0.0375961,-0.0110447
630.5,-0.0268105,-0.0833802,0.037588,-0.0573419
631,-0.063482,-0.0603281,0.0375736,-0.0895998
631.5,-0.0846193,-0.0225257,0.0375514,-0.0999205
632,-0.0850558,0.0207781,0.0375431,-0.0857772
632.5,-0.0646892,0.0589909,0.0375494,-0.0506327
633,-0.028505,0.0827675,0.0375484,-0.00309148
633.5,0.0146433,0.0862958,0.0375408,0.0452066
634,0.0542011,0.0687169,0.0375294,0.0824365
634.5,0.080494,0.0343349,0.0375079,0.0994831
635,0.087094,-0.00843755,0.0374936,0.0921728
635.5,0.0723911,-0.0491374,0.037498,0.0622953
636,0.0399857,-0.0778105,0.0375003,0.0171658
636.5,-0.00219259,-0.0874467,0.0374935,-0.0321665
637,-0.0438258,-0.0756929,0.0374841,-0.0736234
637.5,-0.0747312,-0.0454286,0.037465,-0.0970546
638,-0.0873523,-0.00405963,0.0374461,-0.0967235
638.5,-0.078606,0.0382936,0.0374464,-0.0727111
639,-0.0506359,0.0712719,0.0374514,-0.0308965
639.5,-0.0102872,0.0868116,0.0374462,0.0184826
640,0.0325692,0.0811155,0.0374379,0.0633366
640.5,0.0674507,0.0555812,0.037422,0.0926835
641,0.0858277,0.0164582,0.0374004,0.0993383
641.5,0.0832089,-0.026682,0.0373951,0.0816717
642,0.0602394,-0.0632872,0.0374015,0.0440089
642.5,0.0225413,-0.0844058,0.0373989,-0.00442879
643,-0.0206621,-0.0848759,0.037391,-0.0517821
643.5,-0.0588029,-0.0645868,0.0373784,-0.0864574
644,-0.0825535,-0.0285053,0.0373564,-0.0999649
644.5,-0.0861081,0.0145405,0.0373451,-0.0889975
645,-0.0686015,0.054021,0.0373506,-0.0562404
645.5,-0.0343199,0.0802806,0.0373513,-0.00971369
646,0.00834848,0.0868995,0.037344,0.0391913
646.5,0.048966,0.0722631,0.0373338,0.0785008
647,0.0775988,0.0399555,0.0373135,0.0985907
647.5,0.0872464,-0.00211767,0.0372968,0.0945421
648,0.0755531,-0.043664,0.0372993,0.0673463
648.5,0.0453833,-0.0745222,0.037303,0.0236617
649,0.00412003,-0.0871472,0.0372969,-0.025816
649.5,-0.0381423,-0.0784549,0.0372882,-0.0689731
650,-0.0710668,-0.0505759,0.0372708,-0.0952431
650.5,-0.0866028,-0.0103327,0.0372504,-0.0981944
651,-0.0809541,0.0324291,0.037248,-0.0771042
651.5,-0.0555067,0.0672504,0.0372538,-0.0371362
652,-0.0164887,0.0856162,0.0372498,0.011924
652.5,0.0265539,0.083038,0.0372418,0.0580648
653,0.0630928,0.0601508,0.0372277,0.0899893
653.5,0.0841928,0.0225566,0.0372059,0.0998813
654,0.0846963,-0.0205466,0.0371976,0.0853189
654.5,0.0644846,-0.0586154,0.0372037,0.0498674
655,0.0285054,-0.08234,0.0372026,0.00220665
655.5,-0.0144381,-0.0859208,0.0371951,-0.0459944
656,-0.0538413,-0.0684861,0.0371838,-0.0829344
656.5,-0.0800677,-0.0343047,0.0371627,-0.0995691
657,-0.0867054,0.00825977,0.0371486,-0.0918259
657.5,-0.0721352,0.0487951,0.0371528,-0.0616005
658,-0.0399252,0.0773876,0.037155,-0.0162931
658.5,0.00204308,0.0870465,0.0371482,0.0330034
659,0.0435028,0.0754134,0.0371389,0.0742195
659.5,0.0743138,0.045338,0.0371201,0.0972641
660,0.0869426,0.00418013,0.0371015,0.096495
660.5,0.0783041,-0.0379915,0.0371016,0.0721006
661,0.0505158,-0.0708622,0.0371065,0.0300535
661.5,0.0103781,-0.0863945,0.0371014,-0.0193518
662,-0.0322895,-0.080793,0.0370931,-0.0640191
662.5,-0.0670507,-0.0554322,0.0370775,-0.0930123
663,-0.0854052,-0.016519,0.0370563,-0.0992328
663.5,-0.0828674,0.0264262,0.0370509,-0.0811577
664,-0.0600622,0.062899,0.0370571,-0.0432124
664.5,-0.0225717,0.0839802,0.0370545,0.00531287
665,0.0204315,0.084517,0.0370467,0.0525373
665.5,0.0584285,0.0643824,0.0370343,0.0868988
666,0.082127,0.0285053,0.0370127,0.0999844
666.5,0.0857338,-0.0143361,0.0370014,0.0885904
667,0.0683709,-0.0536622,0.0370067,0.0555063
667.5,0.0342894,-0.0798553,0.0370073,0.00883236
668,-0.00817142,-0.0865117,0.0370001,-0.0400041
668.5,-0.0486248,-0.0720075,0.03699,-0.0790461
669,-0.0771769,-0.0398947,0.0369701,-0.0987349
669.5,-0.086847,0.00196882,0.0369535,-0.0942499
670,-0.0752739,0.043342,0.0369559,-0.0666893
670.5,-0.0452926,0.0741059,0.0369595,-0.0228008
671,-0.00423993,0.0867384,0.0369535,0.0266701
671.5,0.0378412,0.0781536,0.0369448,0.0696113
672,0.0706581,0.0504557,0.0369277,0.0955092
672.5,0.0861866,0.0104231,0.0369076,0.0980231
673,0.0806321,-0.0321504,0.0369051,0.0765375
673.5,0.0553577,-0.0668515,0.0369108,0.0363129
674,0.0165491,-0.0851947,0.0369068,-0.0128023
674.5,-0.0262989,-0.082697,0.0368989,-0.0587832
675,-0.0627057,-0.0599737,0.036885,-0.0903718
675.5,-0.0837682,-0.0225867,0.0368635,-0.0998343
676,-0.0843381,0.0203167,0.0368552,-0.0848538
676.5,-0.0642803,0.0582421,0.0368611,-0.0490982
677,-0.028505,0.0819145,0.0368601,-0.00132165
677.5,0.0142345,0.0855471,0.0368526,0.0467785
678,0.0534836,0.0682558,0.0368415,0.0834257
678.5,0.0796434,0.034274,0.0368207,0.0996473
679,0.0863183,-0.00808343,0.0368067,0.0914718
679.5,0.07188,-0.0484549,0.0368107,0.0609008
680,0.0398642,-0.0769667,0.0368128,0.0154192
680.5,-0.00189489,-0.0866479,0.0368061,-0.0338376
681,-0.0431818,-0.0751346,0.036797,-0.0748098
681.5,-0.0738985,-0.0452472,0.0367785,-0.0974659
682,-0.0865346,-0.00429942,0.03676,-0.096259
682.5,-0.0780032,0.0376913,0.0367601,-0.0714845
683,-0.0503956,0.0704546,0.0367648,-0.0292081
683.5,-0.0104679,0.0859791,0.0367597,0.0202194
684,0.0320117,0.0804715,0.0367516,0.0646965
684.5,0.0666528,0.0552832,0.0367362,0.0933337
685,0.0849847,0.0165789,0.0367152,0.0991195
685.5,0.082527,-0.0261721,0.0367099,0.0806374
686,0.0598852,-0.0625129,0.0367158,0.0424124
686.5,0.0226014,-0.0835566,0.0367133,-0.00619655
687,-0.0202024,-0.0841594,0.0367056,-0.0532884
687.5,-0.0580561,-0.0641783,0.0366933,-0.0873334
688,-0.0817024,-0.0285046,0.036672,-0.0999961
688.5,-0.0853609,0.0141333,0.0366608,-0.0881763
689,-0.0681408,0.0533055,0.036666,-0.0547679
689.5,-0.0342584,0.079432,0.0366665,-0.00795035
690,0.0079958,0.0861253,0.0366594,0.0408137
690.5,0.0482855,0.0717526,0.0366495,0.0795851
691,0.0767571,0.0398336,0.0366298,0.0988714
691.5,0.0864492,-0.0018213,0.0366135,0.0939504
692,0.0749955,-0.043022,0.0366156,0.0660271
692.5,0.0452017,-0.0736916,0.0366192,0.0219381
693,0.00435862,-0.0863312,0.0366132,-0.0275221
693.5,-0.0375419,-0.0778531,0.0366047,-0.070244
694,-0.0702515,-0.0503354,0.0365878,-0.0957677
694.5,-0.0857721,-0.0105124,0.036568,-0.0978441
695,-0.0803111,0.0318734,0.0365654,-0.0759649
695.5,-0.0552087,0.0664547,0.0365709,-0.0354868
696,-0.0166085,0.0847751,0.036567,0.0136797
696.5,0.0260457,0.0823572,0.0365591,0.0594969
697,0.0623206,0.0597968,0.0365455,0.0907472
697.5,0.0833455,0.0226159,0.0365242,0.0997794
698,0.0839811,-0.0200885,0.036516,0.0843822
698.5,0.0640764,-0.0578707,0.0365217,0.0483252
699,0.028504,-0.0814909,0.0365206,0.000436541
699.5,-0.0140325,-0.0851749,0.0365132,-0.047559
700,-0.0531279,-0.068026,0.0365023,-0.0839104
700.5,-0.0792211,-0.0342427,0.0364818,-0.0997177
701,-0.0859327,0.00790852,0.0364679,-0.0911105
701.5,-0.0716254,0.0481167,0.0364718,-0.0601964
702,-0.0398029,0.0765479,0.0364738,-0.014544
702.5,0.00174803,0.086251,0.0364672,0.0346692
703,0.0428627,0.0748566,0.0364581,0.0753942
703.5,0.0734852,0.0451561,0.03644,0.0976601
704,0.0861283,0.00441751,0.0364217,0.0960153
704.5,0.0777032,-0.037393,0.0364217,0.0708627
705,0.0502752,-0.070049,0.0364263,0.0283604
705.5,0.0105566,-0.0855655,0.0364212,-0.0210855
706,-0.0317356,-0.080151,0.0364131,-0.0653689
706.5,-0.066257,-0.0551342,0.036398,-0.0936478
707,-0.0845659,-0.0166379,0.0363774,-0.0989984
707.5,-0.0821877,0.0259197,0.036372,-0.0801108
708,-0.0597084,0.0621289,0.0363778,-0.0416092
708.5,-0.0226303,0.0831348,0.0363752,0.00707973
709,0.019975,0.0838032,0.0363676,0.0540353
709.5,0.0576858,0.0639746,0.0363555,0.0877611
710,0.0812798,0.0285033,0.0363345,0.1
710.5,0.0849893,-0.013932,0.0363234,0.0877554
711,0.0679113,-0.0529508,0.0363284,0.0540252
711.5,0.0342269,-0.0790107,0.0363289,0.00706771
712,-0.0078216,-0.0857405,0.0363218,-0.0416202
712.5,-0.0479483,-0.0714984,0.036312,-0.080118
713,-0.0763392,-0.0397721,0.0362927,-0.0990001
713.5,-0.0860531,0.00167509,0.0362765,-0.0936436
714,-0.0747179,0.0427038,0.0362785,-0.0653598
714.5,-0.0451105,0.0732794,0.0362819,-0.0210737
715,-0.00447611,0.0859257,0.036276,0.028372
715.5,0.0372445,0.0775536,0.0362676,0.0708712
716,0.069847,0.050215,0.036251,0.0960187
716.5,0.0853594,0.0106006,0.0362315,0.0976575
717,0.0799912,-0.0315983,0.0362288,0.0753863
717.5,0.0550598,-0.0660599,0.0362341,0.0346579
718,0.016667,-0.0843573,0.0362302,-0.014556
718.5,-0.0257942,-0.0820185,0.0362225,-0.060206
719,-0.0619376,-0.0596201,0.036209,-0.0911155
719.5,-0.0829247,-0.0226444,0.0361881,-0.0997168
720,-0.0836255,0.0198619,0.0361799,-0.0839039
720.5,-0.0638729,0.0575015,0.0361854,-0.0475484
721,-0.0285023,0.0810693,0.0361843,0.000448599
721.5,0.0138319,0.0848041,0.036177,0.0483358
722,0.0527743,0.0677966,0.0361662,0.0843886
722.5,0.0788008,0.034211,0.036146,0.0997802
723,0.0855487,-0.00773504,0.0361323,0.0907421
723.5,0.0713715,-0.0477804,0.036136,0.0594872
724,0.0397412,-0.0761311,0.036138,0.0136677
724.5,-0.00160247,-0.0858556,0.0361314,-0.0354981
725,-0.0425455,-0.0745794,0.0361224,-0.0759727
725.5,-0.073074,-0.0450648,0.0361046,-0.0978466
726,-0.0857236,-0.00453441,0.0360866,-0.0957642
726.5,-0.0774042,0.0370965,0.0360864,-0.0702354
727,-0.0501548,0.0696455,0.0360908,-0.0275105
727.5,-0.0106443,0.0851537,0.0360858,0.0219499
728,0.0314614,0.0798316,0.0360778,0.0660362
728.5,0.0658633,0.0549853,0.036063,0.0939546
729,0.084149,0.0166959,0.0360426,0.0988696
729.5,0.0818496,-0.0256691,0.0360372,0.0795778
730,0.0595318,-0.0617469,0.0360428,0.0408027
730.5,0.0226583,-0.082715,0.0360402,-0.00796237
731,-0.0197492,-0.0834481,0.0360327,-0.054778
731.5,-0.0573176,-0.0637713,0.0360208,-0.088182
732,-0.0808592,-0.0285013,0.0360002,-0.099996
732.5,-0.0846192,0.0137322,0.0359891,-0.0873275
733,-0.0676822,0.0525982,0.0359939,-0.0532782
733.5,-0.0341949,0.0785914,0.0359943,-0.00618451
734,0.00764882,0.0853572,0.0359873,0.0424234
734.5,0.047613,0.0712448,0.0359777,0.0806445
735,0.0759234,0.0397102,0.0359586,0.0991211
735.5,0.0856585,-0.00153019,0.0359427,0.0933293
736,0.0744411,-0.0423876,0.0359445,0.0646873
736.5,0.0450191,-0.0728692,0.0359478,0.0202076
737,0.00459241,-0.0855219,0.035942,-0.0292196
737.5,-0.0369489,-0.077255,0.0359336,-0.0714929
738,-0.0694445,-0.0500946,0.0359174,-0.0962622
738.5,-0.0849485,-0.0106877,0.035898,-0.0974632
739,-0.0796723,0.0313249,0.0358953,-0.0748018
739.5,-0.0549109,0.0656672,0.0359005,-0.0338262
740,-0.0167245,0.0839413,0.0358966,0.0154311
740.5,0.0255444,0.081681,0.0358889,0.0609104
741,0.0615567,0.0594436,0.0358757,0.0914767
741.5,0.0825058,0.0226721,0.0358551,0.0996463
742,0.0832711,-0.0196369,0.0358468,0.083419
742.5,0.0636697,-0.0571342,0.0358522,0.0467679
743,0.0285,-0.0806496,0.0358511,-0.0013337
743.5,-0.0136329,-0.0844347,0.0358438,-0.0491087
744,-0.0524226,-0.0675678,0.0358332,-0.0848602
744.5,-0.0783825,-0.0341786,0.0358134,-0.099835
745,-0.0851661,0.00756296,0.0357998,-0.0903666
745.5,-0.0711182,0.047446,0.0358033,-0.0587734
746,-0.0396791,0.0757163,0.0358052,-0.0127904
746.5,0.00145822,0.0854618,0.0357987,0.0363242
747,0.0422302,0.0743029,0.0357898,0.0765453
747.5,0.0726649,0.0449733,0.0357722,0.0980255
748,0.0853207,0.00465012,0.0357545,0.0955056
748.5,0.077106,-0.0368019,0.0357541,0.0696026
749,0.0500343,-0.0692441,0.0357585,0.0266585
749.5,0.0107309,-0.0847437,0.0357535,-0.0228126
750,-0.0311889,-0.0795133,0.0357456,-0.0666983
750.5,-0.0654716,-0.0548365,0.035731,-0.094254
751,-0.083734,-0.0167529,0.0357109,-0.098733
751.5,-0.0815127,0.0254201,0.0357055,-0.0790387
752,-0.0593554,0.061367,0.0357109,-0.039993
752.5,-0.0226856,0.0822971,0.0357083,0.00884438
753,0.019525,0.0830944,0.0357009,0.0555163
753.5,0.0569513,0.0635682,0.0356891,0.088596
754,0.0804405,0.0284986,0.0356688,0.0999842
754.5,0.0842505,-0.0135339,0.0356579,0.0868928
755,0.0674536,-0.0522475,0.0356625,0.0525271
755.5,0.0341623,-0.0781741,0.0356629,0.00530083
756,-0.00747746,-0.0849754,0.0356559,-0.0432232
756.5,-0.0472796,-0.0709918,0.0356464,-0.0811647
757,-0.0755097,-0.0396479,0.0356277,-0.0992343
757.5,-0.0852655,0.00138658,0.0356119,-0.0930078
758,-0.074165,0.0420733,0.0356136,-0.0640098
758.5,-0.0449274,0.0724611,0.0356168,-0.0193399
759,-0.00470754,0.0851198,0.035611,0.030065
759.5,0.0366552,0.0769572,0.0356028,0.072109
760,0.0690441,0.049974,0.0355867,0.0964982
760.5,0.0845393,0.0107738,0.0355677,0.0972613
761,0.0793545,-0.0310533,0.0355649,0.0742114
761.5,0.0547621,-0.0652765,0.0355699,0.032992
762,0.0167811,-0.0835271,0.0355661,-0.016305
762.5,-0.0252962,-0.0813447,0.0355584,-0.06161
763,-0.0611778,-0.0592673,0.0355454,-0.0918307
763.5,-0.0820888,-0.0226989,0.0355251,-0.099568
764,-0.082918,0.0194136,0.0355169,-0.0829276
764.5,-0.0634669,0.056769,0.0355221,-0.0459837
765,-0.028497,0.0802319,0.035521,0.0022187
765.5,0.0134354,0.0840667,0.0355138,0.0498778
766,0.0520729,0.0673395,0.0355033,0.0853252
766.5,0.0779662,0.0341458,0.0354838,0.0998819
767,0.084785,-0.0073923,0.0354703,0.0899841
767.5,0.0708655,-0.0471137,0.0354736,0.058055
768,0.0396166,-0.0753035,0.0354755,0.011912
768.5,-0.00131526,-0.0850696,0.035469,-0.0371474
769,-0.0419168,-0.0740272,0.0354603,-0.0771119
769.5,-0.0722578,-0.0448815,0.035443,-0.0981966
770,-0.0849194,-0.00476466,0.0354254,-0.0952395
770.5,-0.0768087,0.0365091,0.035425,-0.0689643
771,-0.0499137,0.0688447,0.0354292,-0.0258043
771.5,-0.0108164,0.0843354,0.0354243,0.0236735
772,0.0309182,0.0791959,0.0354165,0.0673552
772.5,0.065082,0.0546877,0.0354021,0.094546
773,0.0833207,0.0168091,0.0353823,0.0985886
773.5,0.081177,-0.0251728,0.0353768,0.0784934
774,0.0591793,-0.0609891,0.0353821,0.0391802
774.5,0.022712,-0.081881,0.0353795,-0.00972569
775,-0.0193025,-0.082742,0.0353721,-0.0562504
775.5,-0.0565871,-0.0633656,0.0353606,-0.089003
776,-0.0800238,-0.0284952,0.0353406,-0.0999646
776.5,-0.0838832,0.0133372,0.0353297,-0.0864514
777,-0.0672255,0.0518988,0.0353341,-0.0517718
777.5,-0.0341292,0.0777588,0.0353345,-0.00441674
778,0.00730749,0.084595,0.0353276,0.0440197
778.5,0.0469482,0.0707394,0.0353182,0.0816786
779,0.0750979,0.0395852,0.0352998,0.0993397
779.5,0.0848741,-0.00124427,0.0352841,0.092679
780,0.0738897,-0.0417608,0.0352857,0.0633273
780.5,0.0448355,-0.072055,0.0352888,0.0184708
781,0.00482149,-0.0847194,0.0352831,-0.030908
781.5,-0.0363634,-0.0766604,0.0352749,-0.0727194
782,-0.0686457,-0.0498534,0.0352592,-0.0967266
782.5,-0.0841319,-0.0108588,0.0352404,-0.0970517
783,-0.0790376,0.0307835,0.0352375,-0.0736152
783.5,-0.0546134,0.0648879,0.0352424,-0.0321551
784,-0.0168368,0.0831148,0.0352385,0.0171777
784.5,0.0250498,0.0810095,0.035231,0.0623048
785,0.0608009,0.0590913,0.0352182,0.0921775
785.5,0.0816737,0.022725,0.0351982,0.0994819
786,0.0825662,-0.0191918,0.03519,0.0824297
786.5,0.0632644,-0.0564057,0.035195,0.0451959
787,0.0284933,-0.0798161,0.0351939,-0.00310353
787.5,-0.0132393,-0.0837,0.0351867,-0.0506431
788,-0.0517252,-0.0671116,0.0351764,-0.0857834
788.5,-0.0775519,-0.0341125,0.0351572,-0.099921
789,-0.0844054,0.00722302,0.0351438,-0.0895944
789.5,-0.0706135,0.0467832,0.035147,-0.057332
790,-0.0395537,0.0748928,0.0351488,-0.0110327
790.5,0.00117359,0.084679,0.0351424,0.0379677
791,0.0416053,0.0737523,0.0351338,0.0776724
791.5,0.0718527,0.0447895,0.0351167,0.0983601
792,0.0845198,0.00487803,0.0350994,0.0949659
792.5,0.0765123,-0.0362181,0.0350989,0.0683207
793,0.049793,-0.0684473,0.035103,0.0249482
793.5,0.0109009,-0.0839288,0.0350981,-0.0245325
794,-0.0306492,-0.0788796,0.0350904,-0.0680068
794.5,-0.0646944,-0.054539,0.0350762,-0.0948306
795,-0.0829093,-0.0168643,0.0350567,-0.0984366
795.5,-0.0808424,0.0249272,0.0350511,-0.0779419
796,-0.0590033,0.0606132,0.0350563,-0.0383643
796.5,-0.0227377,0.0814668,0.0350537,0.0106062
797,0.0190815,0.0823908,0.0350464,0.05698
797.5,0.0562249,0.0631633,0.035035,0.089403
798,0.0796089,0.0284913,0.0350153,0.0999371
798.5,0.0835172,-0.0131419,0.0350045,0.0860031
799,0.0669979,-0.051552,0.0350088,0.0510125
799.5,0.0340956,-0.0773454,0.0350091,0.0035323
800,-0.00713891,-0.0842161,0.0350023,-0.0448128
800.5,-0.0466187,-0.0704877,0.034993,-0.0821861
801,-0.0746881,-0.0395222,0.0349749,-0.0994374
801.5,-0.0844843,0.00110323,0.0349594,-0.092343
802,-0.0736152,0.0414503,0.0349609,-0.0626397
802.5,-0.0447434,0.0716509,0.0349639,-0.0176001
803,-0.00493428,0.0843206,0.0349582,0.0317486
803.5,0.0360733,0.0763645,0.0349501,0.0733242
804,0.0682494,0.0497327,0.0349346,0.0969474
804.5,0.0837262,0.0109428,0.0349161,0.0968346
805,0.0787219,-0.0305154,0.0349131,0.0730132
805.5,0.0544647,-0.0645013,0.0349178,0.0313157
806,0.0168915,-0.0827043,0.0349141,-0.018049
806.5,-0.024805,-0.0806755,0.0349066,-0.0629947
807,-0.060426,-0.0589154,0.034894,-0.092517
807.5,-0.0812604,-0.0227503,0.0348743,-0.099388
808,-0.0822157,0.0189716,0.0348661,-0.0819254
808.5,-0.0630623,0.0560445,0.0348709,-0.0444045
809,-0.028489,0.0794022,0.0348698,0.00398811
809.5,0.0130448,0.0833347,0.0348627,0.0514043
810,0.0513794,0.0668843,0.0348526,0.0862349
810.5,0.0771395,0.0340786,0.0348336,0.0999522
811,0.0840273,-0.00705514,0.0348204,0.0891978
811.5,0.0703621,-0.0464547,0.0348234,0.0566046
812,0.0394905,-0.074484,0.0348251,0.0101526
812.5,-0.00103319,-0.08429,0.0348188,-0.0387851
813,-0.0412957,-0.0734782,0.0348103,-0.0782268
813.5,-0.0714496,-0.0446973,0.0347935,-0.0985159
814,-0.0841219,-0.00499024,0.0347764,-0.0946849
814.5,-0.0762169,0.035929,0.0347757,-0.0676716
815,-0.0496723,0.068052,0.0347797,-0.0240901
815.5,-0.0109844,0.083524,0.0347749,0.0253896
816,0.030382,0.0785644,0.0347672,0.068653
816.5,0.0643088,0.0543904,0.0347533,0.0951078
817,0.0824997,0.0169186,0.034734,0.0982768
817.5,0.0805089,-0.0246833,0.0347285,0.0773843
818,0.0588275,-0.0602393,0.0347335,0.0375454
818.5,0.0227626,-0.0810545,0.0347309,-0.011486
819,-0.018862,-0.0820409,0.0347237,-0.0577051
819.5,-0.0558647,-0.0629613,0.0347125,-0.0897961
820,-0.079196,-0.0284866,0.0346931,-0.0999018
820.5,-0.0831526,0.0129481,0.0346823,-0.0855481
821,-0.0667708,0.0512073,0.0346864,-0.0502492
821.5,-0.0340615,0.076934,0.0346867,-0.00264758
822,0.00697171,0.0838388,0.03468,0.0456023
822.5,0.0462911,0.0702366,0.0346708,0.0826871
823,0.0742804,0.0394588,0.034653,0.0995272
823.5,0.0840961,-0.000963469,0.0346377,0.0919997
824,0.0733414,-0.0411416,0.034639,0.0619473
824.5,0.0446511,-0.0712488,0.0346419,0.0167281
825,0.00504591,-0.0839235,0.0346362,-0.0325867
825.5,-0.0357851,-0.0760695,0.0346283,-0.0739231
826,-0.0678551,-0.0496119,0.034613,-0.0971606
826.5,-0.0833223,-0.0110257,0.0345947,-0.0966098
827,-0.0784071,0.030249,0.0345917,-0.0724056
827.5,-0.0543161,0.0641168,0.0345963,-0.0304739
828,-0.0169454,0.0822956,0.0345925,0.0189189
828.5,0.0245619,0.0803426,0.0345852,0.0636796
829,0.0600532,0.0587398,0.0345727,0.0928494
829.5,0.080849,0.0227748,0.0345533,0.0992864
830,0.0818664,-0.0187529,0.0345452,0.0814146
830.5,0.0628605,-0.0556853,0.0345499,0.0436097
831,0.0284841,-0.0789903,0.0345487,-0.00487238
831.5,-0.0128518,-0.0829708,0.0345417,-0.0521615
832,-0.0510356,-0.0666574,0.0345317,-0.0866797
832.5,-0.0767291,-0.0340443,0.034513,-0.0999757
833,-0.0836506,0.00688863,0.0344999,-0.0887941
833.5,-0.0701113,0.0461281,0.0345028,-0.0558727
834,-0.039427,0.0740772,0.0345044,-0.00927162
834.5,0.000894063,0.0839026,0.0344982,0.0395994
835,0.0409879,0.0732048,0.0344898,0.0787752
835.5,0.0710485,0.0446048,0.0344732,0.098664
836,0.0837256,0.00510129,0.0344563,0.0943964
836.5,0.0759223,-0.0356416,0.0344556,0.0670173
837,0.0495515,-0.0676587,0.0344594,0.02323
837.5,0.0110668,-0.0831209,0.0344547,-0.0262448
838,-0.0301165,-0.0782501,0.0344471,-0.0692939
838.5,-0.0639252,-0.0542418,0.0344334,-0.0953775
839,-0.0820919,-0.016972,0.0344144,-0.0981094
839.5,-0.0801766,0.024441,0.0344088,-0.0768206
840,-0.058652,0.0598675,0.0344136,-0.0367235
840.5,-0.0227867,0.0806441,0.0344111,0.0123648
841,0.0186442,0.0816922,0.0344039,0.0584258
841.5,0.0555064,0.0627597,0.0343929,0.0901821
842,0.078785,0.0284814,0.0343738,0.0998587
842.5,0.0827894,-0.0127558,0.0343631,0.0850864
843,0.0665442,-0.0508644,0.0343671,0.049482
843.5,0.0340269,-0.0765246,0.0343673,0.00176266
844,-0.00680589,-0.0834629,0.0343606,-0.0463882
844.5,-0.0459655,-0.0699862,0.0343516,-0.0831817
845,-0.0738746,-0.0393951,0.034334,-0.0996093
845.5,-0.0837094,0.000824971,0.0343189,-0.0916491
846,-0.0730684,0.0408348,0.0343201,-0.0612501
846.5,-0.0445585,0.0708487,0.0343229,-0.0158548
847,-0.00515639,0.0835281,0.0343173,0.0334222
847.5,0.0354986,0.0757754,0.0343094,0.0745163
848,0.0674628,0.049491,0.0342944,0.0973663
848.5,0.08292,0.0111076,0.0342764,0.0963775
849,0.0780934,-0.0299844,0.0342733,0.0717922
849.5,0.0541675,-0.0637342,0.0342777,0.0296297
850,0.0169984,-0.0818887,0.034274,-0.0197873
850.5,-0.0243205,-0.0800109,0.0342667,-0.0643596
851,-0.0596823,-0.0585643,0.0342544,-0.0931744
851.5,-0.0804395,-0.0227985,0.0342353,-0.0991769
852,-0.0815184,0.0185359,0.0342272,-0.0808974
852.5,-0.0626591,0.055328,0.0342317,-0.0428115
853,-0.0284785,0.0785803,0.0342306,0.00575627
853.5,0.0126602,0.0826083,0.0342236,0.0529147
854,0.0506938,0.0664311,0.0342137,0.0871177
854.5,0.0763206,0.0340094,0.0341954,0.0999913
855,0.0832755,-0.00672349,0.0341824,0.0883835
855.5,0.0698612,-0.0458034,0.0341851,0.0551364
856,0.039363,-0.0736724,0.0341867,0.00838994
856.5,-0.000756194,-0.0835167,0.0341805,-0.0404107
857,-0.040682,-0.0729322,0.0341722,-0.0793173
857.5,-0.0706494,-0.0445122,0.0341559,-0.0988043
858,-0.083331,-0.0052112,0.0341392,-0.0941006
858.5,-0.0756287,0.0353561,0.0341384,-0.0663578
859,-0.0494306,0.0672674,0.0341421,-0.0223682
859.5,-0.0111482,0.0827196,0.0341374,0.0270978
860,0.0298528,0.0779369,0.0341299,0.0699294
860.5,0.0635437,0.0540933,0.0341164,0.0956398
861,0.0816859,0.0170245,0.0340977,0.0979342
861.5,0.0798455,-0.0242004,0.0340921,0.076251
862,0.0584767,-0.0594976,0.0340967,0.0358988
862.5,0.0228101,-0.0802355,0.0340942,-0.0132426
863,-0.0184279,-0.0813448,0.0340871,-0.0591418
863.5,-0.0551501,-0.0625585,0.0340762,-0.090561
864,-0.0783759,-0.0284755,0.0340574,-0.0998077
864.5,-0.0824276,0.0125649,0.0340468,-0.084618
865,-0.0663181,0.0505236,0.0340506,-0.0487109
865.5,-0.0339918,0.0761171,0.0340508,-0.000877595
866,0.00664143,0.0830884,0.0340442,0.0471705
866.5,0.0456418,0.0697364,0.0340353,0.0836697
867,0.0734708,0.039331,0.034018,0.0996836
867.5,0.0833243,-0.000687729,0.0340031,0.0912914
868,0.0727962,-0.0405298,0.0340041,0.060548
868.5,0.0444658,-0.0704506,0.0340068,0.0149803
869,0.00526573,-0.0831343,0.0340013,-0.0342551
869.5,-0.035214,-0.0754822,0.0339935,-0.0751037
870,-0.0670724,-0.0493701,0.0339787,-0.0975643
870.5,-0.0825196,-0.0111885,0.0339609,-0.0961377
871,-0.0777807,0.0297215,0.0339578,-0.0711732
871.5,-0.0540191,0.0633536,0.0339621,-0.0287831
872,-0.0170504,0.0814836,0.0339584,0.0206541
872.5,0.0240807,0.0796803,0.0339511,0.0650345
873,0.0593135,0.0583891,0.0339391,0.0934922
873.5,0.0800319,0.0228215,0.0339203,0.0990597
874,0.0811716,-0.0183204,0.0339121,0.080374
874.5,0.062458,-0.0549727,0.0339165,0.0420099
875,0.0284723,-0.0781721,0.0339153,-0.00663971
875.5,-0.0124701,-0.0822472,0.0339085,-0.0536637
876,-0.0503539,-0.0662052,0.0338987,-0.0875489
876.5,-0.0759141,-0.0339741,0.0338807,-0.0999991
877,-0.0829018,0.00655971,0.0338678,-0.087966
877.5,-0.0696117,0.0454806,0.0338704,-0.0543958
878,-0.0392988,0.0732696,0.0338719,-0.0075076
878.5,0.000619576,0.0831324,0.0338657,0.0412187
879,0.040378,0.0726604,0.0338575,0.0798532
879.5,0.0702524,0.0444193,0.0338415,0.0989369
880,0.082938,0.00531998,0.0338251,0.0937974
880.5,0.0753359,-0.0350723,0.0338241,0.065693
881,0.0493096,-0.066878,0.0338277,0.0215046
881.5,0.0112286,-0.08232,0.033823,-0.0279488
882,-0.0295907,-0.0776247,0.0338156,-0.0705594
882.5,-0.0631641,-0.0539449,0.0338023,-0.0958946
883,-0.0812817,-0.0170761,0.0337839,-0.0977514
883.5,-0.0795155,0.0239614,0.0337783,-0.0756753
884,-0.0583016,0.0591298,0.0337828,-0.0350713
884.5,-0.0228327,0.0798287,0.0337803,0.0141195
885,0.0182132,0.0809987,0.0337732,0.0598533
885.5,0.0547958,0.0623576,0.0337625,0.0909329
886,0.0779688,0.028469,0.033744,0.099749
886.5,0.0820671,-0.0123755,0.0337335,0.084143
887,0.0660925,-0.0501846,0.0337371,0.0479359
887.5,0.0339562,-0.0757116,0.0337373,-7.53609e-06
888,-0.00647833,-0.0827155,0.0337307,-0.0479492
888.5,-0.0453199,-0.0694872,0.0337219,-0.0841512
889,-0.0730689,-0.0392665,0.0337049,-0.09975
889.5,-0.0829408,0.000551734,0.0336901,-0.0909266
890,-0.0725248,0.0402267,0.0336911,-0.0598412
890.5,-0.0443728,0.0700546,0.0336937,-0.0141045
891,-0.00537394,0.0827421,0.0336882,0.0350854
891.5,0.0349311,0.0751899,0.0336805,0.0756852
892,0.0666841,0.0492491,0.0336659,0.0977546
892.5,0.0821208,0.0112684,0.0336484,0.0958903
893,0.077469,-0.0294603,0.0336452,0.0705487
893.5,0.0538707,-0.0629751,0.0336493,0.0279343
894,0.0171016,-0.0810802,0.0336457,-0.0215194
894.5,-0.0238425,-0.0793509,0.0336385,-0.0657043
895,-0.0589466,-0.0582141,0.0336266,-0.0938026
895.5,-0.079626,-0.0228437,0.0336081,-0.0989347
896,-0.0808261,0.0181064,0.0336,-0.0798442
896.5,-0.0622573,0.0546194,0.0336042,-0.041205
897,-0.0284655,0.0777659,0.033603,0.00752263
897.5,0.0122814,0.0818874,0.0335962,0.0544084
898,0.0500159,0.0659799,0.0335866,0.0879732
898.5,0.0755095,0.0339383,0.0335688,0.099999
899,0.0825295,-0.00639728,0.0335561,0.0875416
899.5,0.0693629,-0.0451597,0.0335585,0.0536509
900,0.0392342,-0.0728687,0.03356,0.00662467
900.5,-0.000484202,-0.0827496,0.0335539,-0.0420235
901,-0.0400758,-0.0723894,0.0335458,-0.0803829
901.5,-0.0698572,-0.0443262,0.03353,-0.0990618
902,-0.0825467,-0.00542762,0.0335138,-0.0934868
902.5,-0.075044,0.0347903,0.0335127,-0.0650231
903,-0.0491886,0.0664907,0.0335162,-0.0206394
903.5,-0.011308,0.0819221,0.0335116,0.0287975
904,0.0293304,0.0773136,0.0335042,0.0711838
904.5,0.0627866,0.0537966,0.0334911,0.0961418
905,0.0808793,0.0171269,0.033473,0.0975609
905.5,0.0791866,-0.023724,0.0334673,0.0750937
906,0.0581267,-0.0587639,0.0334717,0.034241
906.5,0.0228545,-0.0794238,0.0334692,-0.0149952
907,-0.018,-0.0806538,0.0334622,-0.06056
907.5,-0.0544435,-0.0621571,0.0334517,-0.0912976
908,-0.0775635,-0.0284618,0.0334334,-0.0996824
908.5,-0.081708,0.0121876,0.033423,-0.0836614
909,-0.0658674,0.0498476,0.0334265,-0.0471573
909.5,-0.0339202,0.0753079,0.0334266,0.000892667
910,0.00631657,0.082344,0.0334201,0.048724
910.5,0.0449999,0.0692387,0.0334114,0.0846261
911,0.072669,0.0392017,0.0333947,0.0998087
911.5,0.0825588,-0.000416978,0.0333801,0.0905546
912,0.0722541,-0.0399254,0.0333809,0.0591297
912.5,0.0442796,-0.0696604,0.0333834,0.0132277
913,0.00548103,-0.0823516,0.033378,-0.0359129
913.5,-0.03465,-0.0748984,0.0333704,-0.0762607
914,-0.0662978,-0.0491281,0.033356,-0.0979373
914.5,-0.0817238,-0.0113473,0.0333387,-0.0956354
915,-0.0771584,0.0292009,0.0333354,-0.0699186
915.5,-0.0537224,0.0625985,0.0333395,-0.0270833
916,-0.0171519,0.0806787,0.0333358,0.0223829
916.5,0.023606,0.0790226,0.0333287,0.066369
917,0.0585817,0.0580394,0.0333171,0.0941057
917.5,0.0792221,0.0228652,0.0332988,0.098802
918,0.0804818,-0.017894,0.0332907,0.0793081
918.5,0.062057,-0.0542681,0.0332948,0.0403969
919,0.028458,-0.0773615,0.0332936,-0.00840496
919.5,-0.0120942,-0.0815289,0.0332868,-0.055149
920,-0.0496798,-0.065755,0.0332774,-0.0883906
920.5,-0.0751068,-0.033902,0.0332599,-0.0999911
921,-0.0821588,0.0062362,0.0332473,-0.0871103
921.5,-0.0691147,0.0448407,0.0332496,-0.0529019
922,-0.0391692,0.0724698,0.0332509,-0.00574122
922.5,0.000350062,0.0823684,0.0332449,0.0428251
923,0.0397754,0.0721191,0.0332369,0.0809063
923.5,0.0694641,0.044233,0.0332214,0.0991788
924,0.082157,0.00553415,0.0332053,0.093169
924.5,0.0747531,-0.0345101,0.0332042,0.064348
925,0.0490675,-0.0661054,0.0332076,0.0197725
925.5,0.0113864,-0.0815259,0.033203,-0.0296441
926,-0.0290718,-0.0770034,0.0331957,-0.0718027
926.5,-0.062411,-0.0536483,0.0331828,-0.0963815
927,-0.0804786,-0.0171767,0.0331649,-0.0973628
927.5,-0.0788589,0.0234883,0.0331593,-0.0745063
928,-0.0579521,0.0584,0.0331635,-0.033408
928.5,-0.0228757,0.0790208,0.033161,0.0158697
929,0.0177883,0.0803102,0.0331541,0.061262
929.5,0.0540931,0.061957,0.0331437,0.0916552
930,0.07716,0.0284541,0.0331257,0.099608
930.5,0.0813502,-0.0120011,0.0331154,0.0831733
931,0.0656428,-0.0495125,0.0331187,0.0463749
931.5,0.0338836,-0.0749062,0.0331188,-0.00177773
932,-0.00615616,-0.0819739,0.0331123,-0.0494951
932.5,-0.0446818,-0.0689908,0.0331038,-0.0850943
933,-0.0722711,-0.0391366,0.0330873,-0.0998595
933.5,-0.0821783,0.000283453,0.0330729,-0.0901756
934,-0.0719842,0.0396259,0.0330735,-0.0584135
934.5,-0.0441863,0.0692683,0.033076,-0.0123498
935,-0.00558699,0.0819627,0.0330706,0.0367375
935.5,0.0343706,0.0746079,0.0330631,0.0768303
936,0.0659134,0.049007,0.033049,0.0981123
936.5,0.0813284,0.0114252,0.0330319,0.095373
937,0.0768487,-0.0289431,0.0330286,0.0692831
937.5,0.0535742,-0.0622239,0.0330325,0.0262302
938,0.0172013,-0.0802789,0.0330289,-0.0232447
938.5,-0.023371,-0.0786954,0.0330218,-0.0670285
939,-0.0582187,-0.0578648,0.0330103,-0.0944014
939.5,-0.0788199,-0.0228859,0.0329923,-0.0986615
940,-0.0801389,0.0176831,0.0329843,-0.0787659
940.5,-0.061857,0.0539186,0.0329882,-0.0395856
941,-0.02845,0.076959,0.032987,0.00928662
941.5,0.0119084,0.0811719,0.0329803,0.0558852
942,0.0493457,0.0655307,0.032971,0.088801
942.5,0.0747061,0.0338652,0.0329538,0.0999754
943,0.0817894,-0.00607645,0.0329413,0.0866722
943.5,0.0688671,-0.0445235,0.0329434,0.0521487
944,0.0391039,-0.0720728,0.0329447,0.00485733
944.5,-0.00021715,-0.0819887,0.0329388,-0.0436233
945,-0.0394768,-0.0718496,0.0329308,-0.0814233
945.5,-0.0690729,-0.0441395,0.0329156,-0.0992882
946,-0.0817689,-0.00563956,0.0328997,-0.0928438
946.5,-0.074463,0.0342316,0.0328985,-0.063668
947,-0.0489464,0.065722,0.0329018,-0.0189041
947.5,-0.0114638,0.0811314,0.0328972,0.0304882
948,0.0288148,0.0766943,0.03289,0.072416
948.5,0.0620373,0.0535001,0.0328773,0.0966137
949,0.0800797,0.0172257,0.0328597,0.0971571
949.5,0.0785323,-0.0232542,0.032854,0.073913
950,0.0577776,-0.058038,0.0328581,0.0325724
950.5,0.022896,-0.0786195,0.0328556,-0.016743
951,-0.0175782,-0.0799678,0.0328488,-0.0619592
951.5,-0.0537446,-0.0617572,0.0328385,-0.0920056
952,-0.0767585,-0.0284457,0.0328209,-0.0995258
952.5,-0.0809938,0.011816,0.0328106,-0.0826786
953,-0.0654187,0.0491793,0.0328138,-0.0455889
953.5,-0.0338466,0.0745064,0.0328138,0.00266265
954,0.00599707,0.0816053,0.0328074,0.0502623
954.5,0.0443656,0.0687436,0.032799,0.0855559
955,0.0718751,0.0390711,0.0327827,0.0999025
955.5,0.0817994,-0.000151151,0.0327685,0.0897895
956,0.0717151,-0.0393282,0.0327691,0.0576928
956.5,0.0440927,-0.0688781,0.0327714,0.011471
957,0.00569185,-0.0815755,0.0327661,-0.0375593
957.5,-0.034093,-0.0743183,0.0327586,-0.0773938
958,-0.0655311,-0.0488858,0.0327448,-0.0982796
958.5,-0.0809348,-0.0115021,0.0327279,-0.0951031
959,-0.0765401,0.028687,0.0327245,-0.0686421
959.5,-0.0534261,0.0618513,0.0327283,-0.025375
960,-0.0172499,0.0798809,0.0327247,0.0241047
960.5,0.0231377,0.0783694,0.0327178,0.0676827
961,0.0578578,0.0576905,0.0327064,0.0946897
961.5,0.0784196,0.0229059,0.0326887,0.0985133
962,0.0797971,-0.0174737,0.0326807,0.0782175
962.5,0.0616574,-0.0535711,0.0326845,0.0387712
963,0.0284413,-0.0765584,0.0326832,-0.0101676
963.5,-0.011724,-0.0808161,0.0326766,-0.056617
964,-0.0490134,-0.0653068,0.0326674,-0.0892046
964.5,-0.0743073,-0.0338279,0.0326504,-0.0999518
965,-0.0814216,0.00591802,0.0326381,-0.0862273
965.5,-0.0686202,0.0442082,0.0326401,-0.0513914
966,-0.0390383,0.0716778,0.0326414,-0.00397305
966.5,8.54563e-05,0.0816106,0.0326354,0.044418
967,0.0391801,0.0715808,0.0326276,0.081934
967.5,0.0686837,0.0440459,0.0326126,0.0993897
968,0.0813824,0.00574387,0.032597,0.0925113
968.5,0.0741738,-0.0339549,0.0325956,0.0629829
969,0.0488252,-0.0653406,0.0325988,0.0180341
969.5,0.0115402,-0.0807386,0.0325943,-0.03133
970,-0.0285595,-0.0763862,0.0325872,-0.0730235
970.5,-0.0616657,-0.0533521,0.0325747,-0.0968383
971,-0.0796826,-0.0172738,0.0325573,-0.0969437
971.5,-0.0782068,0.0230216,0.0325516,-0.0733139
972,-0.0576034,0.057678,0.0325555,-0.0317343
972.5,-0.0229156,0.0782201,0.0325531,0.017615
973,0.0173696,0.0796267,0.0325463,0.0626515
973.5,0.0533981,0.0615578,0.0325362,0.0923487
974,0.0763588,0.0284368,0.0325188,0.0994358
974.5,0.0806388,-0.0116324,0.0325086,0.0821775
975,0.0651951,-0.048848,0.0325116,0.0447993
975.5,0.0338091,-0.0741085,0.0325116,-0.00354736
976,-0.00583931,-0.0812382,0.0325053,-0.0510255
976.5,-0.0440512,-0.068497,0.032497,-0.0860108
977,-0.071481,-0.0390053,0.032481,-0.0999376
977.5,-0.0814221,2.0064e-05,0.0324669,-0.0893963
978,-0.0714467,0.0390324,0.0324674,-0.0569676
978.5,-0.043999,0.0684899,0.0324696,-0.0105913
979,-0.00579561,0.0811898,0.0324643,0.0383782
979.5,0.0338172,0.0740296,0.032457,0.0779513
980,0.0651506,0.0487646,0.0324433,0.0984393
980.5,0.0805428,0.011578,0.0324267,0.0948258
981,0.0762325,-0.0284325,0.0324233,0.0679957
981.5,0.0532781,-0.0614806,0.0324269,0.0245179
982,0.0172976,-0.0794847,0.0324234,-0.0249628
982.5,-0.022906,-0.0780445,0.0324165,-0.0683317
983,-0.0574987,-0.0575164,0.0324053,-0.0949706
983.5,-0.0780211,-0.0229252,0.0323878,-0.0983574
984,-0.0794566,0.0172659,0.0323799,-0.0776629
984.5,-0.0614582,0.0532255,0.0323835,-0.0379538
985,-0.0284321,0.0761597,0.0323823,0.0110477
985.5,0.0115411,0.0804618,0.0323757,0.0573444
986,0.0486831,0.0650835,0.0323666,0.0896011
986.5,0.0739103,0.0337902,0.0323499,0.0999204
987,0.0810551,-0.00576092,0.0323377,0.0857757
987.5,0.0683739,-0.0438947,0.0323396,0.0506301
988,0.0389723,-0.0712847,0.0323408,0.00308846
988.5,4.50267e-05,-0.081234,0.0323349,-0.0452093
989,-0.0388851,-0.0713129,0.0323272,-0.0824383
989.5,-0.0682965,-0.043952,0.0323124,-0.0994834
990,-0.0809976,-0.00584708,0.032297,-0.0921716
990.5,-0.0738856,0.0336799,0.0322956,-0.062293
991,-0.048704,0.0649611,0.0322986,-0.0171628
991.5,-0.0116156,0.0803475,0.0322941,0.0321694
992,0.0283059,0.0760791,0.0322871,0.0736254
992.5,0.061296,0.0532041,0.0322748,0.0970553
993,0.0792872,0.0173211,0.0322576,0.0967228
993.5,0.0778825,-0.0227907,0.032252,0.0727091
994,0.0574295,-0.0573199,0.0322558,0.0308937
994.5,0.0229345,-0.0778225,0.0322533,-0.0184856
995,-0.0171625,-0.0792868,0.0322466,-0.0633389
995.5,-0.0530535,-0.0613587,0.0322366,-0.0926847
996,-0.075961,-0.0284272,0.0322195,-0.099338
996.5,-0.0802851,0.0114501,0.0322094,-0.0816699
997,-0.064972,0.0485186,0.0322123,-0.0440062
997.5,-0.0337712,0.0737126,0.0322122,0.0044318
998,0.00568286,0.0808725,0.032206,0.0517847
998.5,0.0437387,0.068251,0.0321977,0.0864589
999,0.0710889,0.0389392,0.032182,0.099965
999.5,0.0810463,0.000109817,0.0321681,0.0889961
